-- --------------------------------------------------------
-- Host:                         127.0.0.1
-- Server version:               10.4.13-MariaDB - mariadb.org binary distribution
-- Server OS:                    Win64
-- HeidiSQL Version:             11.0.0.5919
-- --------------------------------------------------------

/*!40101 SET @OLD_CHARACTER_SET_CLIENT=@@CHARACTER_SET_CLIENT */;
/*!40101 SET NAMES utf8 */;
/*!50503 SET NAMES utf8mb4 */;
/*!40014 SET @OLD_FOREIGN_KEY_CHECKS=@@FOREIGN_KEY_CHECKS, FOREIGN_KEY_CHECKS=0 */;
/*!40101 SET @OLD_SQL_MODE=@@SQL_MODE, SQL_MODE='NO_AUTO_VALUE_ON_ZERO' */;

-- Dumping structure for table glorycms.about
CREATE TABLE IF NOT EXISTS `about` (
  `id` bigint(20) unsigned NOT NULL AUTO_INCREMENT,
  `nama` varchar(191) COLLATE utf8mb4_unicode_ci DEFAULT NULL,
  `slogan` varchar(191) COLLATE utf8mb4_unicode_ci DEFAULT NULL,
  `fav` varchar(191) COLLATE utf8mb4_unicode_ci DEFAULT NULL,
  `logo` varchar(191) COLLATE utf8mb4_unicode_ci DEFAULT NULL,
  `email` varchar(191) COLLATE utf8mb4_unicode_ci DEFAULT NULL,
  `website` varchar(191) COLLATE utf8mb4_unicode_ci DEFAULT NULL,
  `no_hp` varchar(15) COLLATE utf8mb4_unicode_ci DEFAULT NULL,
  `office` mediumtext COLLATE utf8mb4_unicode_ci DEFAULT NULL,
  `description` mediumtext COLLATE utf8mb4_unicode_ci DEFAULT NULL,
  `googlemap` mediumtext COLLATE utf8mb4_unicode_ci DEFAULT NULL,
  `meta_title` mediumtext COLLATE utf8mb4_unicode_ci DEFAULT NULL,
  `meta_description` mediumtext COLLATE utf8mb4_unicode_ci DEFAULT NULL,
  `keywords` mediumtext COLLATE utf8mb4_unicode_ci DEFAULT NULL,
  `twitter` varchar(200) COLLATE utf8mb4_unicode_ci DEFAULT NULL,
  `facebook` varchar(200) COLLATE utf8mb4_unicode_ci DEFAULT NULL,
  `instagram` varchar(200) COLLATE utf8mb4_unicode_ci DEFAULT NULL,
  `linkedIn` varchar(200) COLLATE utf8mb4_unicode_ci DEFAULT NULL,
  `created_at` timestamp NULL DEFAULT NULL,
  `updated_at` timestamp NULL DEFAULT NULL,
  PRIMARY KEY (`id`) USING BTREE
) ENGINE=InnoDB AUTO_INCREMENT=5 DEFAULT CHARSET=utf8mb4 COLLATE=utf8mb4_unicode_ci;

-- Dumping data for table glorycms.about: ~1 rows (approximately)
/*!40000 ALTER TABLE `about` DISABLE KEYS */;
INSERT INTO `about` (`id`, `nama`, `slogan`, `fav`, `logo`, `email`, `website`, `no_hp`, `office`, `description`, `googlemap`, `meta_title`, `meta_description`, `keywords`, `twitter`, `facebook`, `instagram`, `linkedIn`, `created_at`, `updated_at`) VALUES
	(4, 'Rapier Technology', 'Ini slogan', 'media/fav/fav_1600768294.png', 'media/logo/logo_1600768294.png', 'rapier@gmail.com', NULL, NULL, NULL, NULL, NULL, NULL, NULL, NULL, NULL, NULL, NULL, NULL, '2020-09-22 16:51:34', '2020-09-22 16:51:34');
/*!40000 ALTER TABLE `about` ENABLE KEYS */;

-- Dumping structure for table glorycms.blog
CREATE TABLE IF NOT EXISTS `blog` (
  `id` bigint(20) unsigned NOT NULL AUTO_INCREMENT,
  `title` varchar(250) DEFAULT NULL,
  `slug_url` mediumtext DEFAULT NULL,
  `image` mediumtext DEFAULT NULL,
  `description` longtext DEFAULT NULL,
  `meta_title` longtext DEFAULT NULL,
  `meta_description` longtext DEFAULT NULL,
  `keyword` longtext DEFAULT NULL,
  `read` int(11) DEFAULT 0,
  `status` int(1) NOT NULL DEFAULT 1,
  `created_by` varchar(250) DEFAULT NULL,
  `updated_by` varchar(250) DEFAULT NULL,
  `created_at` timestamp NULL DEFAULT NULL,
  `updated_at` timestamp NULL DEFAULT NULL,
  PRIMARY KEY (`id`) USING BTREE
) ENGINE=InnoDB AUTO_INCREMENT=10002 DEFAULT CHARSET=utf8mb4;

-- Dumping data for table glorycms.blog: ~0 rows (approximately)
/*!40000 ALTER TABLE `blog` DISABLE KEYS */;
/*!40000 ALTER TABLE `blog` ENABLE KEYS */;

-- Dumping structure for table glorycms.failed_jobs
CREATE TABLE IF NOT EXISTS `failed_jobs` (
  `id` bigint(20) unsigned NOT NULL AUTO_INCREMENT,
  `connection` text COLLATE utf8mb4_unicode_ci NOT NULL,
  `queue` text COLLATE utf8mb4_unicode_ci NOT NULL,
  `payload` longtext COLLATE utf8mb4_unicode_ci NOT NULL,
  `exception` longtext COLLATE utf8mb4_unicode_ci NOT NULL,
  `failed_at` timestamp NOT NULL DEFAULT current_timestamp(),
  PRIMARY KEY (`id`)
) ENGINE=InnoDB DEFAULT CHARSET=utf8mb4 COLLATE=utf8mb4_unicode_ci;

-- Dumping data for table glorycms.failed_jobs: ~0 rows (approximately)
/*!40000 ALTER TABLE `failed_jobs` DISABLE KEYS */;
/*!40000 ALTER TABLE `failed_jobs` ENABLE KEYS */;

-- Dumping structure for table glorycms.faq
CREATE TABLE IF NOT EXISTS `faq` (
  `id` int(11) NOT NULL AUTO_INCREMENT,
  `question` text DEFAULT NULL,
  `answer` text DEFAULT NULL,
  `sort` int(11) DEFAULT 0,
  `status` int(11) DEFAULT 0,
  `created_at` timestamp NULL DEFAULT NULL,
  `updated_at` timestamp NULL DEFAULT NULL,
  `created_by` varchar(50) DEFAULT NULL,
  `updated_by` varchar(50) DEFAULT NULL,
  PRIMARY KEY (`id`)
) ENGINE=InnoDB AUTO_INCREMENT=4 DEFAULT CHARSET=utf8mb4;

-- Dumping data for table glorycms.faq: ~3 rows (approximately)
/*!40000 ALTER TABLE `faq` DISABLE KEYS */;
INSERT INTO `faq` (`id`, `question`, `answer`, `sort`, `status`, `created_at`, `updated_at`, `created_by`, `updated_by`) VALUES
	(1, 'Apa saja yang dijual di?', '<p><span style="font-size: 15px; font-family: Nunito;">﻿</span><span style="font-family: Montserrat;">﻿</span><span style="font-family: &quot;Open Sans&quot;;">﻿</span><span style="font-family: &quot;Open Sans&quot;;">﻿</span><span style="color: rgb(90, 90, 90); font-family: Montserrat, sans-serif; font-size: 14px;">We make sure that we offer you products with the good quality, value, and story behind it. We are committed to provide you the most convenient purchase and return processes.</span><br></p>', 1, 1, NULL, '2020-09-23 15:35:37', NULL, 'Rapier Technology International'),
	(2, 'How can I shop or place order?', '<p><span style="font-family: &quot;Open Sans&quot;;">﻿</span><span style="color: rgb(90, 90, 90); font-family: Montserrat, sans-serif; font-size: 14px;">Kindly visit our “How to Buy” section, next to “Login / Register” section.</span><br></p>', 3, 1, NULL, '2020-09-23 08:54:02', NULL, NULL),
	(3, 'How can I shop or place order?', '<p><span style="font-size: 15px; font-family: Nunito;">﻿</span>Isi dengan jawaban pertanyaan</p>', 2, 1, '2020-09-23 08:51:52', '2020-09-23 08:54:02', 'Rapier Technology International', NULL);
/*!40000 ALTER TABLE `faq` ENABLE KEYS */;

-- Dumping structure for table glorycms.legal
CREATE TABLE IF NOT EXISTS `legal` (
  `id` int(11) NOT NULL AUTO_INCREMENT,
  `title` varchar(200) DEFAULT NULL,
  `content` longtext DEFAULT NULL,
  `legalkat_id` int(1) DEFAULT NULL COMMENT '''1''=>''Kebijakan Privasi'' ,''2''=>''Syarat dan Ketentuan'',''3''=>''Bantuan''',
  `status` int(1) DEFAULT 0,
  `created_at` timestamp NULL DEFAULT NULL,
  `updated_at` timestamp NULL DEFAULT NULL,
  `created_by` varchar(100) DEFAULT NULL,
  `updated_by` varchar(100) DEFAULT NULL,
  PRIMARY KEY (`id`) USING BTREE
) ENGINE=InnoDB AUTO_INCREMENT=8 DEFAULT CHARSET=utf8mb4;

-- Dumping data for table glorycms.legal: ~3 rows (approximately)
/*!40000 ALTER TABLE `legal` DISABLE KEYS */;
INSERT INTO `legal` (`id`, `title`, `content`, `legalkat_id`, `status`, `created_at`, `updated_at`, `created_by`, `updated_by`) VALUES
	(1, 'Kebijakan Privasi', '<h4 class="card-title" style="margin-bottom: 0.75rem; font-size: 16px; color: rgb(90, 90, 90); font-family: Montserrat, sans-serif;"><span style="font-family: &quot;Open Sans&quot;;">﻿</span><span style="font-family: &quot;Open Sans&quot;;">Privacy Policy</span></h4><p class="card-text" style="color: rgb(90, 90, 90); font-family: Montserrat, sans-serif; font-size: 16px;"><span style="font-family: &quot;Open Sans&quot;;">Dengan menyetujui kebijakan privasi, anda diberikan akses terbatas untuk mengakses dan menggunakan website kami dengan menampilkannya di browser komputer anda untuk keperluan belanja personal dan bukan untuk kepentingan komersial lain untuk pihak ketiga manapun, kecuali telah disetujui oleh kami. Tindakan yang melanggar akan membuat anda tidak dapat mengakses website kami.</span></p><p style="color: rgb(90, 90, 90); font-family: Montserrat, sans-serif; font-size: 16px;"><span style="font-family: &quot;Open Sans&quot;;">Konten website yang kami miliki adalah untuk kepentingan informasi. Kami tidak bertanggungjawab untuk segala masalah yang anda alami dengan menggunakan website kami. Ketika mendaftarkan diri anda sebagai member riantybatik.com, anda membuat password dan sebuah akun email yang nantinya dapat digunakan lagi untuk mengakses segala kegiatan yang telah anda lakukan diwebsite kami. Akun ini menjadi tanggung jawab anda pribadi untuk menjaga kerahasiaannya dan kontrol penggunaannya. Kabari kami segera apabila terjadi akun anda telah disalahgunakan</span></p><p style="color: rgb(90, 90, 90); font-family: Montserrat, sans-serif; font-size: 16px;"><span style="font-family: &quot;Open Sans&quot;;">Rianty Batik menghargai privasi anda. Data diri anda yang telah anda isi saat melakukan pendaftaran akan kami jaga kerahasiaannya.</span></p><p style="color: rgb(90, 90, 90); font-family: Montserrat, sans-serif; font-size: 16px;"><span style="font-family: &quot;Open Sans&quot;;">Persetujuan anda dengan langganan berita membuat kami berhak mengirimkan berita secara berkala kepada anda melalui e-mail. Apabila anda tidak ingin berlangganan, anda dapat berhenti berlangganan berita kami.</span></p>', 1, 1, '2020-09-23 13:56:15', NULL, NULL, NULL),
	(2, 'Syarat dan Ketentuan', '<h4 class="card-title" style="margin-bottom: 0.75rem; font-size: 16px; color: rgb(90, 90, 90); font-family: Montserrat, sans-serif;"><span style="font-family: &quot;Open Sans&quot;;">﻿</span><span style="font-weight: bolder;">Welcome to Riantybatik.com Terms and Conditions</span>, which apply to all items ordered from&nbsp;<span style="font-weight: bolder;">Riantybatik.com.</span></h4><p class="card-text" style="color: rgb(90, 90, 90); font-family: Montserrat, sans-serif; font-size: 16px;">Please&nbsp;<span style="font-weight: bolder;">read through them carefully</span>&nbsp;before placing your order.<br>By using this website and/or placing an order&nbsp;<span style="font-weight: bolder;">you agree</span>&nbsp;to be bound by the terms and conditions set out below.<br>We may change these terms and conditions from time to time without notice to you.<br>Changes will apply to any subsequent orders received.<br><br>Once you order has been confirmed, we will not be able to make any changes to the terms that apply to that order.<br>Before placing an order, if you have any queries relating to these terms and conditions, please contact our Customer Service team.</p><ol style="color: rgb(90, 90, 90); font-family: Montserrat, sans-serif; font-size: 16px;"><li><dt>Data Integrity</dt><dd>You represent that all of the information, data and other materials you provide to Rianty Batik are true, accurate, current, and complete. You are responsible for updating and correcting the information you have provided at Rianty Batik by updating the information on the account you may establish at&nbsp;<a href="http://localhost/spreihouse/index.html" class="text-primary">http://www.riantybatik.com</a>.</dd></li><li><dt>Membership</dt><dd>Establish a membership in order to access certain features of the site and services and to post any member content on the site, or through the services, you must register as a member to create an account. You may establish membership on Rianty Batik. At a minimum, enrollment requires you to:<ol><li>Indicate agreement to these terms and service,</li><li>Provide contact information and identification details</li><li>Submit any other form of authentication required as part of the enrollment process, at Rianty Batik’s sole discretion.</li></ol><p>You agree to accept responsibility for all activities that occur under your account or password. You are responsible for maintaining the confidentiality of your account and password, and for restricting access to your account.</p></dd></li><li><dt>Currency</dt><dd>We use Rupiah (IDR) and the US Dollar (USD) for worldwide shipping, for any payment and/or change onto your credit card or PayPal.</dd></li><li><dt>Delivery</dt><dd>Orders from this site can be shipped internationally. To give comfort, convenience, and assurance of the receipt of the product that your order, we will deliver such product via a courier delivery service that has a good business relationship with us. We provide shipping worldwide, for deliveries within Indonesia we use the trusted shipping company JNE, TIKI, and SICEPAT. For international deliveries we are using EMS.</dd></li><li><dt>Returns and Exchange</dt><dd>We do not accept returned items if the item received by customers has complications with its sizing (the exact measurement is provided for you when you click the item you want). However, if the items received by customers have damages we will willingly exchange it to a new one. Return and/or exchange of the product(s) can be made via delivery service courier within 3 (three) days from when the items has arrived, with the original purchase receipt. Please contact us in advance, either by email or telephone, prior to return and exchange for us to verify in advance, as stipulated in the term. You can return the product that you have purchased from us, with the following conditions:<ol><li>The product is defective and has not been previously informed to you.</li><li>The product has problem in the delivery process that is not your fault and/or negligence.</li><li>Return item needs to be accompanied with the original receipt as proof of purchase.</li><li>The products returned have to be in the same new condition. It cannot be washed and/or worn and/or used perfume, and the label and/or handtag are still attached to the product.</li><li>We don’t accept returns promotion items (vouchers, coupons, discounts, etc).</li><li>For shipping costborne by the buyer/customer, and the return shipping borne by Rianty Batik.</li><li>If the order item(s) are damaged or Rianty Batik doesn’t have stock, will be given a voucher worth the price of product purchased.</li></ol></dd></li><li><dt>Cancelation</dt><dd>We reserve the right to cancel the contract if the product is unavailable and/or there is any prejudice on your transaction. We will give notice to you when it happens and refund all payments that you have made, if any.</dd></li><li><dt>Availabidtty</dt><dd>All orders for the products are subject to availability. We are truly sorry if any products you wish to purchase are not in stock. We will not change any fees or your credit card for any unavailable products. If you have made payment by bank transfer to our bank account, we will offer to you a refund in the form of voucher(s) or cash worth the price of each unavailable product as provided in the terms.</dd></li><li><dt>Force Majeure</dt><dd>We are not responsible for any violations, interruptions or delays associated with things which are out of our control, including but not limited to disasters, floods, earthquake, lightning strikes, frozen rain / hailstones, bad weather and other due/catastrophe of the surrounding nature, epidemics, explosions, fires, wars, riots, strikes, piracy, mutiny, riot, civil commotion, anarchy or sabotage, demonstrations, terrorism, national emergencies, damage from third party software. If you or we cancel the contract by written notice when the Force Majeure event occurred during two business days or more, you or we will not have any responsibilities if the reason for cancellation of the contract is due to Force Majeure, unless the refund of payment for products has been made to you however we have not received the products you must return.</dd></li><li><dt>Taxes</dt><dd>For local shipping the price of the product is including tax,and for PayPal payment a customer will be charged tax worth 5%.</dd></li></ol>', 2, 1, '2020-09-23 13:56:15', NULL, NULL, NULL),
	(3, 'Bantuan', '<div style="text-align: left;"><span style="font-family: Montserrat;">﻿</span><span style="font-family: &quot;Open Sans&quot;;">﻿</span><span style="font-family: &quot;Open Sans&quot;;">﻿</span><span style="font-family: &quot;Open Sans&quot;;">﻿</span><span style="font-family: &quot;Open Sans&quot;;">﻿</span><span style="font-family: &quot;Open Sans&quot;;">﻿</span><span style="font-family: &quot;Open Sans&quot;;">﻿</span><span style="font-family: &quot;Open Sans&quot;;">﻿</span><span style="font-family: &quot;Open Sans&quot;;">﻿1. BUKA LINK&nbsp;</span><a href="https://sepadose.com/" target="_blank">SEPADOSE</a></div><div style="text-align: left;"><span style="font-family: &quot;Open Sans&quot;;"><br></span>&nbsp; &nbsp; &nbsp; &nbsp; <img src="data:image/png;base64,iVBORw0KGgoAAAANSUhEUgAAAMcAAADHCAYAAACtBUfGAAAKN2lDQ1BzUkdCIElFQzYxOTY2LTIuMQAAeJydlndUU9kWh8+9N71QkhCKlNBraFICSA29SJEuKjEJEErAkAAiNkRUcERRkaYIMijggKNDkbEiioUBUbHrBBlE1HFwFBuWSWStGd+8ee/Nm98f935rn73P3Wfvfda6AJD8gwXCTFgJgAyhWBTh58WIjYtnYAcBDPAAA2wA4HCzs0IW+EYCmQJ82IxsmRP4F726DiD5+yrTP4zBAP+flLlZIjEAUJiM5/L42VwZF8k4PVecJbdPyZi2NE3OMErOIlmCMlaTc/IsW3z2mWUPOfMyhDwZy3PO4mXw5Nwn4405Er6MkWAZF+cI+LkyviZjg3RJhkDGb+SxGXxONgAoktwu5nNTZGwtY5IoMoIt43kA4EjJX/DSL1jMzxPLD8XOzFouEiSniBkmXFOGjZMTi+HPz03ni8XMMA43jSPiMdiZGVkc4XIAZs/8WRR5bRmyIjvYODk4MG0tbb4o1H9d/JuS93aWXoR/7hlEH/jD9ld+mQ0AsKZltdn6h21pFQBd6wFQu/2HzWAvAIqyvnUOfXEeunxeUsTiLGcrq9zcXEsBn2spL+jv+p8Of0NffM9Svt3v5WF485M4knQxQ143bmZ6pkTEyM7icPkM5p+H+B8H/nUeFhH8JL6IL5RFRMumTCBMlrVbyBOIBZlChkD4n5r4D8P+pNm5lona+BHQllgCpSEaQH4eACgqESAJe2Qr0O99C8ZHA/nNi9GZmJ37z4L+fVe4TP7IFiR/jmNHRDK4ElHO7Jr8WgI0IABFQAPqQBvoAxPABLbAEbgAD+ADAkEoiARxYDHgghSQAUQgFxSAtaAYlIKtYCeoBnWgETSDNnAYdIFj4DQ4By6By2AE3AFSMA6egCnwCsxAEISFyBAVUod0IEPIHLKFWJAb5AMFQxFQHJQIJUNCSAIVQOugUqgcqobqoWboW+godBq6AA1Dt6BRaBL6FXoHIzAJpsFasBFsBbNgTzgIjoQXwcnwMjgfLoK3wJVwA3wQ7oRPw5fgEVgKP4GnEYAQETqiizARFsJGQpF4JAkRIauQEqQCaUDakB6kH7mKSJGnyFsUBkVFMVBMlAvKHxWF4qKWoVahNqOqUQdQnag+1FXUKGoK9RFNRmuizdHO6AB0LDoZnYsuRlegm9Ad6LPoEfQ4+hUGg6FjjDGOGH9MHCYVswKzGbMb0445hRnGjGGmsVisOtYc64oNxXKwYmwxtgp7EHsSewU7jn2DI+J0cLY4X1w8TogrxFXgWnAncFdwE7gZvBLeEO+MD8Xz8MvxZfhGfA9+CD+OnyEoE4wJroRIQiphLaGS0EY4S7hLeEEkEvWITsRwooC4hlhJPEQ8TxwlviVRSGYkNimBJCFtIe0nnSLdIr0gk8lGZA9yPFlM3kJuJp8h3ye/UaAqWCoEKPAUVivUKHQqXFF4pohXNFT0VFysmK9YoXhEcUjxqRJeyUiJrcRRWqVUo3RU6YbStDJV2UY5VDlDebNyi/IF5UcULMWI4kPhUYoo+yhnKGNUhKpPZVO51HXURupZ6jgNQzOmBdBSaaW0b2iDtCkVioqdSrRKnkqNynEVKR2hG9ED6On0Mvph+nX6O1UtVU9Vvuom1TbVK6qv1eaoeajx1UrU2tVG1N6pM9R91NPUt6l3qd/TQGmYaYRr5Grs0Tir8XQObY7LHO6ckjmH59zWhDXNNCM0V2ju0xzQnNbS1vLTytKq0jqj9VSbru2hnaq9Q/uE9qQOVcdNR6CzQ+ekzmOGCsOTkc6oZPQxpnQ1df11Jbr1uoO6M3rGelF6hXrtevf0Cfos/ST9Hfq9+lMGOgYhBgUGrQa3DfGGLMMUw12G/YavjYyNYow2GHUZPTJWMw4wzjduNb5rQjZxN1lm0mByzRRjyjJNM91tetkMNrM3SzGrMRsyh80dzAXmu82HLdAWThZCiwaLG0wS05OZw2xljlrSLYMtCy27LJ9ZGVjFW22z6rf6aG1vnW7daH3HhmITaFNo02Pzq62ZLde2xvbaXPJc37mr53bPfW5nbse322N3055qH2K/wb7X/oODo4PIoc1h0tHAMdGx1vEGi8YKY21mnXdCO3k5rXY65vTW2cFZ7HzY+RcXpkuaS4vLo3nG8/jzGueNueq5clzrXaVuDLdEt71uUnddd457g/sDD30PnkeTx4SnqWeq50HPZ17WXiKvDq/XbGf2SvYpb8Tbz7vEe9CH4hPlU+1z31fPN9m31XfKz95vhd8pf7R/kP82/xsBWgHcgOaAqUDHwJWBfUGkoAVB1UEPgs2CRcE9IXBIYMj2kLvzDecL53eFgtCA0O2h98KMw5aFfR+OCQ8Lrwl/GGETURDRv4C6YMmClgWvIr0iyyLvRJlESaJ6oxWjE6Kbo1/HeMeUx0hjrWJXxl6K04gTxHXHY+Oj45vipxf6LNy5cDzBPqE44foi40V5iy4s1licvvj4EsUlnCVHEtGJMYktie85oZwGzvTSgKW1S6e4bO4u7hOeB28Hb5Lvyi/nTyS5JpUnPUp2Td6ePJninlKR8lTAFlQLnqf6p9alvk4LTduf9ik9Jr09A5eRmHFUSBGmCfsytTPzMoezzLOKs6TLnJftXDYlChI1ZUPZi7K7xTTZz9SAxESyXjKa45ZTk/MmNzr3SJ5ynjBvYLnZ8k3LJ/J9879egVrBXdFboFuwtmB0pefK+lXQqqWrelfrry5aPb7Gb82BtYS1aWt/KLQuLC98uS5mXU+RVtGaorH1futbixWKRcU3NrhsqNuI2ijYOLhp7qaqTR9LeCUXS61LK0rfb+ZuvviVzVeVX33akrRlsMyhbM9WzFbh1uvb3LcdKFcuzy8f2x6yvXMHY0fJjpc7l+y8UGFXUbeLsEuyS1oZXNldZVC1tep9dUr1SI1XTXutZu2m2te7ebuv7PHY01anVVda926vYO/Ner/6zgajhop9mH05+x42Rjf2f836urlJo6m06cN+4X7pgYgDfc2Ozc0tmi1lrXCrpHXyYMLBy994f9Pdxmyrb6e3lx4ChySHHn+b+O31w0GHe4+wjrR9Z/hdbQe1o6QT6lzeOdWV0iXtjusePhp4tLfHpafje8vv9x/TPVZzXOV42QnCiaITn07mn5w+lXXq6enk02O9S3rvnIk9c60vvG/wbNDZ8+d8z53p9+w/ed71/LELzheOXmRd7LrkcKlzwH6g4wf7HzoGHQY7hxyHui87Xe4Znjd84or7ldNXva+euxZw7dLI/JHh61HXb95IuCG9ybv56Fb6ree3c27P3FlzF3235J7SvYr7mvcbfjT9sV3qID0+6j068GDBgztj3LEnP2X/9H686CH5YcWEzkTzI9tHxyZ9Jy8/Xvh4/EnWk5mnxT8r/1z7zOTZd794/DIwFTs1/lz0/NOvm1+ov9j/0u5l73TY9P1XGa9mXpe8UX9z4C3rbf+7mHcTM7nvse8rP5h+6PkY9PHup4xPn34D94Tz+49wZioAAAAJcEhZcwAALiMAAC4jAXilP3YAACAASURBVHic7X0HeFzFtfCZe1e7kixZlitu2BhMMyUUY1sSWJILDiUQMCGFAHEBkvD+9JfkJXmO30vPS0ISEiCWREgIoRgIHYwtiSDJNsZ0TG9uuMhVttru3vnP3LYzc+eWlVaWDT6fVrfNnTkz99QpZ2KUUjgMfQdLlkzOOxJgKNHjA/IABlMgozTDGACEDMLHJZSQQqA0nxCSh99CJ0AMIJDC8y583o739xvU2Aug7dbA+DBtkL20u3PHptZdO69a9G5nf9fvowyx/kbgowCappHH/zR5TDwROxZlzcmEwMkA5FR8NGKinmBtvA6A7kAxtJkA/YBq2j683mYAvAPU6CRE6zIMZAgjbUkqncR05CZKjQShyDygFRNqjASinaVpdDDkF4wbN7ZgYmNdxWBM/QqW+SKW+XKaGutoZ9ebM7+6dnN/tsdHBQ4zRw9gWV354LgBM0EjJ+BldX1N2RSgUI9E+gxqgRfTBqzoSrdt1FKd7XOuf6Orr/BYvFjTzhh1xuACPTFWN+hE5NEZpKDgv5BppuPjVfhrpOl0c1dX9/Nzrl+7va/w+KjCYeaIACYzAMwBSq4AQk+PA1kPGvw1bdBmQujN1fNbtvYHXosWob4BaLV/z+PvbudZfW3ZCEK1SaDrZYnCgh811pVPpJTcj5rqsf002XLBwjWt/YHzoQSHmUMBSy/X9NLZU8/WCPks+gALkRnWomao6e5OXvtBzNiycOGaZH/jGAY2w7JfPf5+wnyfCXriJB206iIt8T3ULqVow/2DpNIPVV6z8sV+RveghMPMwUFjbVk5OsxfGnpu2SUU6J/SRurmmQtWX9ffeOUCbIZ+3v79ZulNJxcNiRWVQUz/KjLKfErpTSgA7qha0NzSz6geNPCxZ46GuopxSBRfQof2v9DxvcEw6O9nLGxa0N949TXM/fLL+/CwzP5ds/wvU8/UY/rlyCiNKBj+bAC5bca8puf7Gc1+hY8tczTUTjuPEP17BGA3+hG/r5zXHO9vnPoTZl6z6lk8sN93GurKz9IoXIOMMhcZ5ZcdXanbz/vy6i39jeOBho8Vczz46xOLBw4ZvBBPfw2g/yCZhLmzrm3a1t94HWxQNa/5GTw8s3ix9h/njJ32ycJE3h3IKN0A9NcoRFb0N34HCj4WzNFwS/loyIPvIGPMRBPqB5Xzm/T+xulQgEWLjBQeHmK/x2unjUmAvgCZ5D/AMP5euaDl3v7Gr6/hI80cDUsmHw164sckjwxH8+BHlfOavt7fOB2qMGf+yo14+PETt5SNT8S0TyGT7AGDLqxc0Hx36MuHKHwkmYMxBdHjPyd6Qkum4YezFja93t84fVTg3Gtb3sfDH9DkunH62LLrkEl2UsO4umpBy4P9jVuu4SPFHMv/dMaoWEH+L5ApCruBfm/2vKa3+xunjyrYA5B/Xnq5dsvQ2WVfRyZ5C6hxdeX8lub+xi1X8JFgDrPPPj7wf2MFBZNS1PjazPnNr/U3Th8XmHuXkcbDbx5eMvmmIi3xY2SSRV1J4xpbwxzScEgzB5tbNH30tLOHJkpuhjRKrYXNq/sbp48rXLBwTTse/pNp70RBwZ8basvfftvo/v6hMJvADw5Z5mioKS9Dm/cJoPAHdLRP6G98DoMF9ozgi+vrKqZN1BPr8fiN6nlNd/Y3Xj2BQ5I5GurKfw0aADJFcX/jchjUgAyxEg8jUYgxp/1rne3bb+7LGcp9AYcUcyy7acrYeCJvLRhw8eE5QIcG4He6uaG27JL8wmFvragtu3LG/JbG/sYpKhwyzNFQW/E5ZIwrntrQMsoenDoMhwhUzW+5Dw/3NdRV/KSxtuK8yvlN/9nfOEWBg545LG0R+ykh0Fw5r/n8yv5G6DD0GKrmNf2QzXxGM+tdozM1uforq3b0N05BcFAzB1uwg9ri5hQ1vj1zfsvh7tmPALBxkKU3lE8aWhxrWFFT/sMZC5qX9zdOfnDQMgeaUbdqRJuATvf0/sblMOQW5n69uQMPU9mYCP7Oxm+8qL9xUsFByRwNdeX3pwj50ax5Ta/0Ny6Hoe8AmWJxQ01FNTLIv6sXtEw3DOOgCoVzUDEHOmznEIAfpoz0tbMWrHqvv/E5DH0PVQua6p+8peKV+pqy/Y/XTjvWnuB4UMBBwxz1tRVXEKCTUp2dV8/KQWiZp6qrY6clEgMpIQPzYrESQ9OKNIMUGYQUoXgq1igZYBC9gABJUAN/AAkWZIe9a4DG5YTnlL+HR4OAmM46UvvcMB+ye+p05j1DvJdJQzL3DP4dzc3fSh9chmHj7bln4+7imSmXUiApb91YNlqaUpImhBjsiNmmMXWaklg3BdphUK0T32rDJzvSVN+bTKd3dXd17ah69av7o2gDe01NIWqQx1GT/IoxTNg7BwIOCuZorC3/LxbHqWp+y/d78v726uqikpL80fgVxiOxn4kf+aypJUXH4Gcpwg86AD/oAJ0xgUaIZhITsiH+2OdnX45o+J8S88q6j0fqEBGe41tmEufafJGYuVh5WU8Itc5ZGdR+wc2PlUudHPCe5pThLdPJT9MwH5opwyzRzsPE3sSDespwr4mFJ7XxdO8Bhyc4eFps5tTNzc/ME/8TOw2x24pobv11ux1B1/F10p3QY23xeN7eNVP/tuHZaf94GnFu6E7Tt1Nr39083Vjk2w2PZtYcZBA0tcomVS1o+WNPaCGX0O/MgY3xpzSBh2bMa3k86jssiNp7leMTRww4ZpQeJxcOKo3PQqKYhMQzlrKQaMBoBGUfsT+fTZcWKVog31NdW4RlkxKjB56IpGsAsMkXXLJSvQMhZTrXANx7niPJsGQIXqg5zWuH5Txlet6xLsLaxgmU6b5vMS57lMD/Cbwaimkm4I3pKKD+M6FpbySmHtu0Zuodd+7uMtae++KV7SqtwpxztCLmot95c9W85n4NbtGvzMEcb0KNn8yYv3Jt1Hd2fPrs4tSnKy9Ck+iz+KVm4q1EhugzbU0YY3BNL35g+ZsQ7py6BOhSjJCJ84bIMAKVKvPLEKuYJ4825QiPuM8JddiNv84wigg0Q7EcnkC5dJb04C4Jlx/P7gBche2siYdBhHRCru53YevzT0YcTkaNc92gfK155eQ7/tZ86j+Xlr/4uV3Si1A9v2np8popb6PgbEFmKZOfHyjoN+ZA5/tpdLyvjOp4773wnNKifHJ+qZ73XWz4Y/AT5TvP3I8FEj1L9J21tgCF5PZITWKXodYWIJRB1Pna74APXs6NzHWQtsjgD4oyvNc2ZmFt46lLBM3HlWGVScH6gwpU/mflFcI3Vk/9509THfCozCQzF6x+4eElkz+FdLKwal7Tkig0kmvoF+ZorCmfn4bUf8xasDqUMZZqmn7xJeWTi/N19EsIagpa4PuxgCcQUWIDhH/QSGaKm180kwvcMjjG8MEboCeE50/8Zn6hJhfHRKoy3TzsWvfI5OLSZK7jWPoJqOGX5BWSxtWT7/zZhrX3r5xr3JV2vj2LythYU9bOxkNYt28YreQaDjhzYEV/mab0IWrkhfZIrbv85Pgll5VfQ6j2Y/yIQ9g9NeE5bxD7mio/FkjvZEwE6iE8kD9wAOE5CVWE6Mpw+6Ga8GytBSB0BAQRnm+Z4GUidV0IZ3KJwkHAE7xM5Ekja0cbCQlVpSZGKMDzT0JMm3zk5Et/8vhxN948543r3dm7e/Z3PjIgRgobaiuerJrfNAsOIBxQ5sAKfg8g/dSMhSubwtJ2XF4++gR98C/AgM8Tt6/U/qTuB3a+OpGuAazeJP7jcWYJp0vcD+o+o06WHKGClxC5T0/cnBxwSI/Lz1M2SCaWFycxPxDSysSsSpvRcQCyLyGULfhSlvmTyTyT1kkht5XVXsRmEKejgHAMRAU8xW/owlC8/dvBpSOmNk9e+t3yNXPXs5sXfe253XjY/XjttC+xrl7WowUHCA4Yc2DF5qGE/rBy3spHw9J2frFiXH4s72ZsuZmEOB3udjPyWgH8/QO1fcz1JinUv0Ag7jtZmFyCtsiIb1478NrCfOZ2HPBMKeJgVzsjxcHftAFVXUy8OFNTxstTF4d4o2sLkSmduvlrPp/2Yz3Il+k6jG6eeueXy1d99lUnLzY4+GTN1C+zTpyqec2fhgMAB4Q5kDHOx8OwynnNvwxL237l9JEFEPsbNlMFofZIFWs5g2t6Go3wxK9FlPaykx0I114mypbwQHonjIkCHXK3NHDvhJlcxL7hx8iZnOS6iHjydfUKnIy24NuGz9+j8WwtzhcslalrFCoA9H+0TL7r0oq1n3vX6fJlnTf1f5n2g8ba8tsq5zdfBX0Mfc4cjbXTzgCin4fq8KthaZnGKNBid2Cjl4HBfRXRIrBu82aUc8/VJJAhVsgQupiSJw7ZFKGK/EBKoTajxLKd1KBMqyrRxVBgZJmx1SaXWDeakRhgs6FgyhCOMMUGlk0uUeA4FzYmLlPaJph7nfl+xNMDKHUdc6rZZhBW3VM1Xbu3+Yw7Pou33NBK1desXIfCdswTSyaPPHfhmg+hD6FPmYNFGiR5+s+QMc4NS7v/C2UjChPxG7FlppoNpWEzecaIOJlEM5JapS1UzrZKWwBA9iYXsY+Uew6KNCHawrwK1HzErotPL5d9Qt3kkrbg3gmsi6z5RMEuaQBvV3GoyWX33/LfSN0DyNfFxOsUquk3NpQvvaqqee4m53WkpxnIIEsblkz+btXCNe9AH0GfMcfSxSfHh44tWY0VGROW9rnJk/NOO7XoF9gycwg/AYlIX4oHl7jUXanWs2CTK2PKqE0umYEsQlSbXH6EGGimgJdABBMEvL1JKj8IKK8t1ISn0psy46quQVGmp23sf34ml8xAoCwzw+m8IsG/6YVp+rMlk5csWLhmoRvJBOlqbmNd+d+W15b9vK/W+vQZcyBjvN+6Yc/4sHRso5hLTqu8ClvjSgLCbDmLTQy7FQ3+LZYy8/Xc6T5UNBD8CU8kVj/CUw3GEVkyK45W2cLAVwTCI2qGs6vrj5fI2CCVIWq6DE5uuynw4jWKy0SSgFF3LgS3n/+0E7V2tOsSQzy+cIo2sGGxtvhvi4xFLiV0d6V+wBbD4en50AfQJ8yBHH0VVu+Hcxe93B2W9uJB50zBhvkZYTPZGMiiTvXlQLrncglvH1MxHyDutVeiZhhSnHZCOQmYkcwZUchn4pglRMDJ6fnJaAxe0/F5UCnPIL8lAzJR8Xk4jOzcU3cdi/V3XhZ1C19VKqRSaSZvnkRqc1mE+eXnPtMJ0X42+8zj2A5U7p4hs7+8ekNjTfltaGJ9BTXJnz0o9BJyzhwNdRU/hLTxTNXClcvC0u796jmlxVrsB0gow9ybmv2VTa3Bpxa1hStSXSloN2eAiRBFWwCfvZ80V1z7TVLk8xP43dUVPvyfrRRWHHmfJVrbKCYpglQXX80X0DbA3XO1hXqg1ouXLVyAjtQ07dtPnnb7NbOev2K/gw4LZM16r+r/Mq2ROeuQQ8gpc7DdgWJ6bHhlBMZgUGTkXYJ1r1ZJLpeC/cB5xjvuwhiI2LiCyZUDwuvdGAhYphD4vwNuGQHTTpSEF8GUkcvkTRtH8WTLRCECJ5qAkcuUpwGRC4rjCaQXc1sEF1i3LmoPNhU+p/Scs8zM0Jxjy1ageiuJkn7/VyqGF+oJpjXyhQdeauKeyV/Jvi9QLkcpboZWIkFdC6qCuNfix+PKF/K08gjqknSzFcYaOEoFLp17pR4xF9LZdcyg7y9B/M0osV0AZKFCFOm8Gk/ES1SVojkqg9gGmWajUvtl8rSF3ECUhYtWjVu6fOoHczv4HJHuYsgg6zvbt0/MVfC4nDHH9DHTbqfdybOipGXrMVLXT78cK273ZHGE4Jw6Ih4kAnXMK3dwkLvnNCQ7lRxhj7Zwj95uzDCNQmxkPM624giuBMxI5qy1BUDvTC5Zo0jaAiQ8/LSF1bb+eEXt5fLVFhA8N86+dwI5In0e0tB93vUg9EuJgmFswdyPIQeQE+ZoqCu/EDF/ruq61W9ESb99XnkRAe1qrHie56GzPM/1OTgGcZ45NozzWDihGcka+LHsDwEhTORcEw2orgPRscmIzla9AdHwWDgA7cNigPx8IIkEAPvF49iyeRmcGHOwjPLiHNPbZInflyZTrlZyV9+5tbbPXa1lv2u3A0nEuXQW1kZ3Gij+IJkGI8nOU0BTeL6/G4x9XZDe34XX2LhpTMvmwNrnVJDUvGnDMRH3RZTHbE0umQl9jlzZhWhKz2sYf+sjeNnJkw7bkq2htuLsxrryGbnYnq3XzPHwksmFRVriN5Xzm46N+s6govhZ2ISnuyKBFz2yplC0TlDL8UeRQaSvzpGUauKhCQOKgIw5ErTRY0AbMQJg6HAgQwYDGYy/gQOBDCjEFuz3xZRZAzUMMPZ2QHrXfkjv3AeprXsg+eEuSG7eDd3vt0L3+h1AnYnjngE8wl1Qrq09i4YzBYaZXO6JqCLA+S6O2svkOTsxJG8iHl+W61Y1v4ltg/DMsrryObPnNe/sYROZ0Osvi4zxz66UMTtqehb44JxTtcutK7sVBG1hU7PTU2WvaVabXABCg5pHjsE8Drp37MF5hWoaaEOGA4wdB+T4SUAmnQRk5CggTAvk5R2STOAHBOuqDxpg/uCo4dZNZi6hdqFdaUjvbYfO1z+EjrXvQecbW6B74y4AvK82uYhLvL7mE4jfwPyfrckljDGRGNH1zy7WFr/Kj3s40LqXTh86kDDGOaY37dSrL15fU34B4tyUzUYlUyZpo7GW08zay2aTc8mbTfwD2ZRiR2dCoh+DuU6CNIBHLFMJBg5CK/Yk0KZUADnqGCDDR1hm0ccNGPHlxcyfVpSAvFGlUFx5AqRa26Drra3Q1vg6tD+/HlI727lZCRl/zTFHuewUxC/PKrPTgppBPCYXd42O+czKyeNZEAbPFtAsaFxDXcXKJ5dUHN+bLe96zBxLlkzOm6gnllTOaxqZzXt5ecZR6JFPNC+IIoFL5MQ7t0qzVbrjkLt5BDOYcgykdAiQyjlAzq42tYXbL3oYMoDtHRs+0PwNKJsI3Rt2wN7HXoI9j70K6T0dynlt/qP/4I7kA/ecgZqJbFOY+7QSg0wqJPGjQMEcDKrmNX0Rzav3b1s84firFr3bqUoTBj1mjqO1xOUGNX6U7XuoDs/BpkqI/oLcyk5iEPWy6l6gP8LpZieDUvQXzr0YyOxPARQPPMwUUQGbKX7kEBh6TSUMuuRM2HnnM7D30Zch3ZHy+G0uYZvcAoLJ5VC4ysfzrs+RAz/w6JABaUqm4+lKP5SRPn8ydsyouXh6e0+q3CPmqF9Sdrqma2WV81q+ku27RKPlHsfb8SuCumj5EXPVhETnnp82isWBnDYV4NNfQDv7WCd+22HIFrCdY8OKYdh1lTBg8lGw47YW6HhjKxBD7p1Sm1z8dUaGiQu+lNoCuHfsb42fsAr9jl+p/A4G1fNbalB7bHj8xuPu6cnYR4+Yg+jaLe3dbZGdcAd2Xze5pKR00HiLARRmk8qv4FWD7JCrHHcVg7Hu1Uu/BDDzQqvr9TD0GkieDgOmToD4uCGwva4J2upfBxYL0WUQyMbkUjvogkMOAIqZvkfPPvXooXi2zQ/PFE1fll847Od4+s1s65g1c9QvmValadpj5133oifeUBgMGFiIxj2UhLQA50SD9Iw7ms9U5pjkxQ1FB3vetwBOnXzYhOoDyBtZAiO/90lIjBkMO/7xjDW+AhwB21dKk8sEqiB+xwSjnAZR5QgleXHCeqR8mWPm/JWrGmsrvv/ELWXjs93hNmvm0HT9L/vSXadm+575Lskbg3Xy7uNHpKOsV80jZzapJiTK2oKlHT0e4OqvAxx/6mHG6ENASwIGf/4s0IsS0PrXFki12ZOxOUNAaXIR0R0EIY3a5JJGzAemNXo0ngZugdfdnbw+0YOp7Vkxx4q68jk6hVvtbXWzBhIDFONQIN31+hUmkdvNI3fR+vkVMoMNHg7wpW8AHHdK7hgjnUI9nXaPlB2ZaZhKAu1Ek7ajA2gXEkZXlzUvi418s2jQZtoMR1vf2saJ5YfEZT6307hzm/DSGj3PSFrzGaZjYxIZDxesOrLxGEZMJlUiCcbxmnXNJuJoWsZBG1gIWhH+BuSjdx3D7xEzzSMznda7NmL5lHzqVBOl7bf82xyld/wFEIgdfMdAwJMm1OSKI1kcFYYbm9reUFf+Fv7OqprX/EzUOmXFHNiMf25to5OyeUcATR9pDhkZsgYI8CuCxkD8HPcY+hjzvt17xkgjUW/eCHT9B+YRtm8Huncv0LY2oLv34HGfxRTJpImDNcXD6cnnr4lw7d6jkHnmm4bLz70W87DONelazo8rS4uBPqgISGkx6ENKIDZqKOSNGw7xiaMh76gRyDR6j5qLMcggZBBjXyc66qtMuWB9siwDwamO0juu9UzIkVFwM9Ldi3Q98RSefiJqfSIzx4qa8pm6Rm6zd+XpERBCx2TvV6ieKXwV54TNX7roKoCTe+hjbNkE9PVXgb70HNCXXwTYt8+U6qZk54gZbEIlLiHyjg9frmL2bqZBJH/JN8iNgKI65pS82Mq+5xIelwcyfXoHMvmONki+bcUooJo1b4wMHACFU4+D/MnHQuKkcaAPlBR9CDAGGfyFqdC1fhc66W+AEyVerFKGyn1j75rPxRsyGVgy0YjEHDMWrtnTWFdxP6PjqFutRWYOncBvO9vTFVHTK0GDI0Rt4eNX8CB30cp+hZUvuD1gjCkqL8yOMZh5tBG1Q/1jAGtXAW3dbpk7DGzJa4ZUcqQVh1r4Qh9uYQ/JfHPVO2Zas4zg9d1mSpphO/+1I8GSmm9tkrZMP9qahLaHn4F9y1+E2NhhUHzhWTBg2nGgDYrey0diGgybXw7Jjbug842tvrLPmcIfplFcOSnX0yrtiKh4te6lv8pmWkkk5mhcUjaFamTFnOtX7o2KiBroIJFoJcIPmlvlGRXn3ndOi0vR5boCoLAoOkrdnQD/+ifA8ocAdu00MyK26eJ8QGfiYjTCE1e5SVha12FmhQ+xZxSqOrSPSHiZpg0KIOFLeGguJt/cBDt+9yDsrx8PpVdVQ2LSkbIS84W8UYNgyFXTYPPih9EHSyl8CbsWksbwm3YCXPtLMjURDSNrWkljbcWtjTUV51YuaHoiLH00zaFr/wNJOi8qEr5AtMEezSCKAS81qO7JH8i5V/1pgHGRJwcDfLgB4OZfArzxijllW+wu5O06twIcqlI9uPR+684zn1h8K8zkymgHjinc5iBCRoELpiTTxmNyebgY/4w0dD7/Lmx5bROUXl0NxRefFdknGXDmeCg5bxLsvv8FqV5BIUv54vlpJ0TKwm2crEZzk7v335BXOoBteXF8WNpQ5mhYMvlooifaqq5t3hSWNhQIeFcJOnOoXHMpkzh0DpXzgFFJ6TCA6Z+KPvK9/h2Amt8AvLUOMpTLx+L1mjYAKm3hXRcCnjQ+JleAdhA1SngkE1Fb+MTs4o7quihMLqcM1CS76pZDurMbBl1WBiThXYojA4mj//HZs6Bt+WuQbuv2aItgc4rTFgF4AmTHHLO+9fx+1B73NtaUT69c0PxUUNpwzaHFv5FKpX6RDQL+eUGhENbTgaCpH0Q6qhiESbKKC1BUeYdQlLB3N8AdfwZ4Z12G6Vzq9y6UktW5hbIUUga8hCdrDHmVG3BlgHStzE9qAaVCtc26DJ5BJpx/4DvZ5DIZuTsFe+9sAr24AAZeODlS92/esGIYOPtE2IXaw5liwldCKBMy2pHY3yPM5DIoyXoeUGdHxw35hQX342mgDx3IHPZCptkzr1l1fbYIKIHYIlAmcOdelLlV5jPp/ZIhAFNmQjQnHN978O8Ar70gMqOgwTI9PyKDUM6UkfvfCUd4nMEgM1GAyQWu1pKY0lYxmWseL3+TC4DrCeI0m3XNcQmHu4OXbHIRW7NS1By7b2uE+PjhkH/q+PDmxnYddMGpsK/hDUjuauc6EhymkwODSyaXWxfV3C2zhln3O8+5fu32hrqKtxtrpk6qXLDqVb90gcyBjHEFYvbjbAsPBFkD8GJSJTp5RpLFqQMnTQEYErHT4v030VZE59tZ6sbzmSCSwyOZ8O/I6IpGgbcJZO1ApQR+oX28OXpjAatKFQlQ1HikqBD0kUOsJbfoPKe27EIzqN3T7M6JsXc/7FryJBzxf1cDyQ83r+Ljh0DBKaMh+dSb3rpkOB54gRNUF751HXGbLaSp8cuYprP15lf6pQk2qwj8d+uGvRN6UrhPft4bflM/GPBdtH5xc/MSAKeeHU1rsJ6pJ5ZiyySt9J4Zv5IRI/d3gpdIZZNLrS3UZoqbn9wjxhXEvxPUXQvStXfyH3GZ3gFtUBEUTD8NCmdMBm1oielHMNPJaN0D7c3rYP8Tz0J6Z5vS5Op6YyPsb3gJiuacHt72+Ly4+gTY1/w2GCnLiRRXEtLwuvDaQlwX0qPp1SyEaGNdxfHL6soH+y2n9WUOOzr6A1GiFkYGT6A2G4h0lLWFeVTLEBh5JMCoo6KVv3UjwCurpXIABCqUyudj8dopPYTHE6urhAQzBbwS0RZ7LhNxtKt6R8lEHiazz33w4q+1YaVQcv1lkDhrkkdo6YOLoWTiaCiYdgK0/vSfkN66S4lX26NrMc3x1nLbEEhMHA55o0qge/0ucE0kEPHy1EUoUx0IjvSQOcDKpz5GDTbj42nVc1/moES/jlIjx3tBc1SWKUj8esIz8DelnHvjTwQYODha8c80ALS3iQoiLH/KfyzedCECq4oaRXwisrV3CwIxF+fMr0tWKtsTHkisSAYvbi4saohB/3kFxE8OGAtD6osfPxaG/uBz0Prjv0Fqx34BL3bW9fom6HzuHRhQfYp/Pjaw1YT5xx6BzGGNJWXaNmD2rtBwssnl+kk9Zw5q/E4j+t14Ol2Js+qmHSH9/Kr5LQt7WrASiPOPBt9zHqjWkZtAMxMSj4k445YxxevPo6tWAQAAIABJREFUiUwQpJWEsKT+2x2EagvIZO0ZMfd7x5Wgto8DXG+SQtll8PKOmLv1dN8nUFB5OsQnRbOW48eNgcLZZ0LbnY1mHg7zmb1JiNT+xleg8JyTzFHxIGAzdwtPOxLalr8aYI5KbSEd+TZ3mhXx6DFzVM9v2dpYV77Rb625kjmGjin5JB7+r6eF+kKY2aRaM+43BmIyiA4wZmK0sj/8AGDnVo6ROAbjZ/x6EHa+ltyDFTBiDj0zufhr8ITClI4qJgqYduIQnlYQh0TFJ6KPB2FBheWTYP8jq8Fo6xBMHXaSfHszJDduR6d7RGhW+SeOMtvaXTUo4GnrvbC24b6S/UavlnTi+415xDgDuA1yHFCbVQSu6e5KXtebQn3ydTASa626p6IkHtjz4WMACiOObax/C2D/ngweYgsHmFUS9UumTSarnplccqHuu/JCH0GeyCaXT55CCCLLlCGF+RA7ahRkA/rQgRA7ohS6kTnkHabSO/dCN5pXUZhDH1JkLo5KbtrNYcszNslUQVC5APy6c8l/69165yR9FPK0Ojz7h/zIwxwP/vrE4oFDBo9jc+B7VagKiHRUOeieiIfOC5JUZy00coI1CzcKvG+PhKuimwgaDUCwWSSzz3HQrXO1tnDeC538J+XhZ3LxVc5KWyjuMfNHy488Hckqy1wTEpOY0j6mDeh84V2r1yoEtLhuLqtNbt4lags+P5+jx+RyrnvhczBgMz8aayuOYmN68jolD3MUDx7E9npe0psCfYFnCkcvB/kVRL7PpWV5sLENPbyf3XyPaQ5ZUAeNzCuZ1H7NplBVPFlVb5KvicAWJ+UXAokjsQ4qBTJkCF4XoHQvNPM32jsBOjrBaN0Jxu69QLuSAGz9CAvvCV4/SGnCgTiuAakUGPs7QC8qjNBudut1dVu4+JTZ9cr71qKuEFONMVl81CBod/PI6FyVsMhc+5tc0FvNYSJgfL9ISyzAsz/wt71mFSFfTBqprBejRwMFM/AEGnX5KwPmbwwaDhkfIgCYM76nNVOWA6oZv07ZfDpXe0DmPpUNGmm/De41QfozAho7DrQTTwLt+BNAGzceyNChAAOCu0Ppvv1At++A9AcbIL3uTUi9+jqkN3wIftu+ZUbIM8xvTnbe3w6p9zeBPmJIeLvZkG7dA+ltO0WTitj1ZXnu2Q/JLbsgb1RInqitWbA4Ymvt8K5n4mEiwQ10rnsJSTCeixFyBYQxByI0s2XTMx/M6n2ZXnCIUfawPDoTAnwC+wYL6Dwo3M41YesGMEfEffNXMG2kLmZqMpyjLfj8MkVYabQjRgI55XTQplcDOWqCtaQ1i/BApGiA+dOOOhLyzplmLsFNb9gE3fVNkFzzIhhbt9sMnpk86XBlxngBU/N0PtEMicknRSsf82hf9gzQ/R12TryQsM8RF7ZoKpQ5gHXpFrNgnkC7DREvN08HY3CfUu6e0K5i4h4D28K5sa5iMuul5cf1BOZoqKs4BxvjxkWLDGUcoF5DoM9hVzu0B8kGXbPmVEWBXVuZ6rSK6GHUROEBd08luV1eZ2WNHANa5WwgUyuAIIPkJF4WyyMRB/2Yo6DgqHGQOG8mdLesge7lzWB8uI2fzq2UyslnX4Wufz8LibPPtNoxADqbX4bOp18Ep+9MOUnRSEPyA98AIALopUVAdL9drcTZx8CXASqTi/hRR9aA2NxaOqa4DE8bnXsCc2CZMyglT+aoPC+4TGHXLsyvUBGt80BHs2pApH1yAPbuzGgOFT6BPgfxCUsqmVeSrQ+F6DtMnw3axZeb0dn7DJC4tTEjIf8zn4L49GnQufQR6G5YiVRtCUDlRMZUEvYvWWrey/djEJSP3S+8BXtvuheMfe0gmI0KRW+OoqfSoWs99NIBJnOIvXE+eEqkIJqsXNC4HABJ04c1jbA9zxude7JZdX5Hqu2GHJWnwMA+egxzDpTP7Bv8MyY9CyJ047KvuHcHiJ4xqM2mKGFJXRx5CpHWiU86BbQrrgUyMXQ9TU5BGzEMCr96NSSqy6H91rsgtS6zRbcr+W30jV17YN9vb4Oup56F/NnlEBs/ytxSgXZ0oU+yGTqfes7UGGx/D7FrWjSDnPxSW3eaHQUQxhwlBa4L7RF7nvUqqg1QOZOLuLKp1/DU5lVrp48tY9upfcO55zLHbYsn5I8bM3JIT4K1RQZZUqtGph0HW2XO8BMFWQ9PlG5ctjtL227w9EyptFKUsKR++LOvlJ8PMH0OkM/Os+Lw9hPox0+Eoh98DTpuuwe6n1oNRpcVHcWdTezgn0pB9+qXIPniG6iFC80ACzRF0WnvNHuoqOEdW+CvGTjT2pnTzsIIkZBVq1p+3AoHBApzFESNEcXkypXqQFcihX7H8w23lI92Fva5zDF21BEnYo0fy01RPhCZQMF/kqIDBUUQqWXQhDAH/5yyPOtDFGYT71cI2gtE/Hm/iIUZveRKgDmfthi3P4GhX1IMBddeAdoRw6HznkdRI3QKXcsMXMJj3cNohpkuMhf6B7j0KgbJOMnIULv3WbG0wgBNUm1Awtw0R2mOgkgRXnPKw0C5sqwYu74GeTAaT0Xm0HQyGSuunJ2YM/AjUD+/ImgMpCBiEIU0frD2PeomDNJg2Wz5XICMMf+bAGXVB1WAarY+I//ST4I2ZBC033S7uVDJS3i52fKZ9WbRdmSyCH0kekEepALKDNvyWdYouQJ0sx7WNcKmTpmB31zmwEIqUgb8NGclqSDQ51D4FTLR8s+ijoyzXqruDrVfofQl+CJl0alIxyKdfOlrBx1juKDrEK8qAzYFqf2mv4OBPoUYmIFydrwD3tV4fDNkrkUHPbVjrxnOJxTivKvLqQDKDVgK/kWmrMw1F8EkR5DsNJ7RC7Tf4ulidu1iiWhcPmth0xdzVpIKBEkNas2gNGfse3wPUmTmYBtHdnpNuTCfxi8sqYs/NUez4ZIrescYnShx9+1D0w/Nkq1bzYiKLJyoWXgigeZRCcDwEegsF5njHGxjzqwBcYtPnwJG6w7ouOthc7VflEmKsknjAG/a8HKMrRCMhA76HMqp9h6HXDK5pOtcOuQMWOgp9DvciJ4mc7DVUOgmveD/Wo6A+Bx5iDq3KhbRrmdDNsku0U9wGKy3YUnPng0w+9PWaH2WQHftBPp0PdB1r4DxwfsArWyTyjRYspDY1Gefs27rocPN0XTtpJNAP/tsIIMidmM7gHkkPjUb0h9uh+4nm8KnnZiEl92Wz7QtWghlLa5lHHLILPgC8DJqFJMrl4B5tjx+4xnD2DpzkzliRnoo1WLvhL3Ya/B4VwpTiidEr7bPPI66bx9redOssr+kgA/3deX8g0wpdjzuVIC586xlutnAm+uAPvEQGC1Ps/DfGeeXOqFFnWI4XFk0wq1bIL1lK6RWPwPkH3eAXl4OsTnngjYx+p6QJD8BhVfPBWPDh5B8nf/c8liN2uRy8BJMLu6ZsTdifHEhrI86P+dZJn9pjlgOfQ2xSLo6XljAGtViDiCxU1DCBoZxzwkQyWzyjTBCwnuQokrrFGoNI2m/A1IXrZOZxIy+Xcy2eZUoRCP0WoCiLLpr9+wCuuwhoI8/ALB3j5foFGaKb8ypzk5I1TdAeu3zEDv/PIidOwvIwGhT91m6gi/NhfSi34HBHHS7mlbe3uAL2Sz/ZfO2ooBpVnGudLC2IG4ElsBZ0DkDo55QfTqerDSZAy2MyWkDHsp5OSrwnSoegUD5qR9RQ+Z3d4rleHwarvwoWz4zvMrRnJpwQrTyGWzdDPD3mwFWN2OWBrBZ1pFs/QBCNPPZvQuSd/wTjPfeg7yrvgjaiAgj8ZhJbNJxED9nCnQ9+XRGDjuLqxTmk3dBlyKABHvYEW1nMZKnCUES1OYTh5P9ng8T5VSFkDRsQmfjYnZuMgcWdhbR4Le5LEQJvOT2mCwKUSlTiyezCMAijQCoKY4HhaLyUgX+RoxBz+1z0cpmwEKO/nYRwPvvcDg7hoFiwZRgXmYeiuhzyCKTpJpXgrF1G+R/+xtARkYLUZT/mfMh+dJrYGxpzZQtVN4tQGp+/orXftQaL4kM/GoOJxMq1V1arCW9r0C219ButK8vhGJzcUrMzv2IHd1t0boaegO2ee2hdiIdeZAddNMkIqET5lxIJRX5+2iloCW5Ju5Ma8wBGBJxrtSObQB//F+ADe/aSsu7vlttPoljD1E0ivHOu9B1wx8h8d1vAxlcGooam2qSqC6DjjseCJDcVlpXWwBkerkUpo25cU8koJxDztdFjAoJAXiJJlfugM0QaayrOI2dxzRNI/U1ZePmfvnlfbktRgEucwAIfkVPepCiLh1m2wv4MZifX6FqcHZv+GiA08+OVm4Hypp76gDeezPzvjRJ0a6VOi4TqJkIhGueiQxIv/4GJO+6B+JXXwlQENLlixnknX0WdK9ogvTWVl8GyUy/D15cZdalOwnONP7Aot2ac03DH3nz0bdMu+a5dzoYvPjA708fFHv4zycPwvx9QyLmFFjNIm2ZDJkW51/mHfeoEsMJ4GaCxGCyBgmbW3XSWQBDI66/Xv0UunQrRDxtJnWX2iosmSDpnXGZ/GPcpuobQTvxBIhND2difdQIyDttEhiPN/pIZnC1Fo8mVRzNM9arZhhsr/nggglvKCkWa2WaQzCelG3Tw4iHwUBfKywsPCJWAPnD8WO9lfsCFBDFr1C1joKHIosMj88h5e/cELJTfC02yDdlVrTBvtYtAI/cYTOmg65YCesDU25UGMA7Bsz5Im4aKR/XObbvJrsgufQ+0E8+Kdy8QiLOQ9Oqa1mjaEoKph+VrolbmBj/l5qdBGY+EToSMw65IxU4k81tLsLVW3qfY6qcA4V3dEiPjEE8bwRW7IM+KMILvFkl3wf5md0kfj1IkTVHSjTllEzloy2ctKzskUfhb3y0MluetBhE1ho8/s40d59RYXBKdwlRrS2cagk++oebIfV0E+RddGEoqvqE8aChBjE2ZnZgAhB5OZLJxXBgA640AncQq3aeiYwCE4rXMg59C2QPMnwxOuR0BJa5sc/LM8sENYHKq/NUBOpcAkc9UcCQfQ6OQFX48Ue+/ImnoIcWIZgDG+V++jFrqrxcVxl/xUKpDOHxrwQHghPRx7SpFKSfXAF5n7oAQu3/vDyInXgcdG/aopwdC6AmThlPM72pOSJ8G0pB6AbmrF2e6ZQml0Kp5xpQYK1HDMbG8N8wxG57H5ShBodAnGopXAtfs4qnjp42iyyeHQhaMx6LA0yYFM2kWrcWYMcWbx5Kkw4EkS+G+fSaNvzDDFGJWxs4iYxNG8FY9xpok04MxlfXkDkmQrKhCZnKsF/no6dkkPVaplL8LHN6brbfRbVOXBoFV5hcmX08cu9zEAO2YcafYF25w1DGvZnrAtSlyhc0Yg8SKLRF1DahGXMuUoQRRTlsgmGUYNVMW7zyTKZMvhxV3Z0ryUH3lQtKk0sybRw+Qimefu450zkP0x76+LHm1BK6r907o0dh6gjNJkj+aMxhkTXfXUs8TOnRDpJwEMdAcgtpIO06gaIYNmopCsReboQZEVRrI3jCURGo80ye+hHVtDIDKwQxGOdX+E1diecDlEaIdNLRDrDhHQXfEh+TEdzyrWlMIVungUgMTnP5jYGwsQ/a0eHGwfIDbdhQc+0HYeF/7Dzl6ePBYyAS84QBfhPRIafCykK3DJDrpp6kmGugxNiHOZei5iADUMp05r4IBRBVbUjw3CpVADizIbNoFeU4B1e+LLJls61ksBl8LRQ69wNs36QOyuDBXyo/aAwEHOLMbv9B5phDOzJsCHOwVYNs/3HYsTNj2ARMH+etLZ6Jogss65/Kd1JZ0JkxIDHSOqc4cwopoG0x0IazCEIlSUIiTqfMAahscfk571eoWyoLkGStn18h2zA8lEZYwMOAaY62XZl6RM2fe+YSntIXocK1Y06JkMmc7txpTlKMAtqQUjDe2yCU46kIAdH295B1NBDCNQi9bwSELCXnU2ScnPOEC6hDk1hOIoZfIoGOWKrPSuJBZTa5PUiQxVruLBjEiVclmDMB5YjIWmmjaA0G+3ZDJgSQyjwUTanMMy6tpwcrU98o2kKQLalulIFtkZqKBZhWLjYC8PQm+ZtcKs73AvOH+JV9/nXJaAs/P4hkKSqjQIqQZBxgAIsOHCNGOsLK+ByA35pxIh15cO55HPeoQBX5KxgkaG5VoiBaUV2dUh04ZgjqePAdA5Ektcrk4qSuyuQycYoALHKK0r8AsbWcsRneEnXxYr15EXr0PA65py7ea1k4eK5zCHq6O031RB5zyJuMuNYXZahBJlDZbOKry7cSgPi1si3T857K4JW/UJblORpKwJ/PX5Gv8Iynfq9ZlUnOCxbi2vDetNl+VqedSebUZBgpfpSbP29y2TtlRFlKQAE8I+QK8DO5eIbpC+5IdsUoGgt5bJyjQus2bs99EQrwtIOfOWPfC+pBikywxMt0DgQtyeWfdUfsr2AahscrNGoiQFAQ6/DtDtQ7OQmuWSLiSsXODhDselcmectQmDZWuag1SBTmMJNQCNjnL1SeCPK0LwBtP/Q5IEW1sJliOQK/0XHlTFxOW6jezVaa+60uNIFK+UlldUXsrygqsQJcm1aqzMwBYi6gLkKYfvcYbnKZN2PoWhZHWyFIO9pBHNQDwdZ38PSfzkGsMJ8RA004mi3InAK7DGcQSMWUfWFZdaW7tHxSmEKfg3aRPBK85XKuQDAyQS0e+MSqSYq86o9aaKDZpipberY34gSCAnTcS0oBdrVmkb9Ce3pG3mgmrfuyUzu1yWWmZBMPo0Yr2bHTI5MsJqOSKeNnclFL0EX5LoSvA28uiVNKnEazzCsivM8LhlxDcV5cx7zRuALSHjdSByZEn0PgkYK6gU/NOcMzUpnEXyv4aSX3HljE0bbT0h6JkF6r/AHWVmy7W0EwGd3yFZpKZnoGin1D5EFCTqB6bHCHYbSRI4EUhm+DTPfsBdq2FwCoV1tw2MlH2eQKi5Pr5mcm9u7oJLYEEdPIJldGfuRcc3QnCFsNsyeGBexNGRCxO6aXIBCJinB8TBHB5BJeilamJ7nEYKrtDnifI4U+x+5tACPGB5fFmGPM0QBv2VGOokRNjBr10WeSoqNgwb3O2PFkAuJSEP5paet2M1aW270qNQ/frSxPFRdMrojMYaHpXYtiVTOjLexqRzC5cgt5SSMOcX1/DKXRHqJrEWNr9hJUEjxKF6eZ3Eeyh5ZJMgwSFtbTj0BZULit74UzB7O3TzwL4Kn7OP8mgqYLEhA93fIZb2qnnRGpnYwP1tuDher9CKNu+UzyomoO60XvUlurIlHGc3iTK+egxwaggNkVwwbfRog2NPclKIA3mVV2Af/lhXTgJa6sfA5J5DigzJ+zK5xnbB36+lcBTp4Ooctzjz0dYOhIgO2bo/sVQXjxOJkHbsdZ/qmbnU1mo0YBOfGkYFwZpNPm7F1rUZhNcOA3Cg5S2dKM2siag89PiC8imVpEeMfH5Mo5dxDNGAREb40RTduPCIYbpjkp1T4GRVJ37G2PtJWkalTeYNLcTysETUiU/YX3X7GYJCyIGytv6icBHv0rmKPlbh4q/BVMozK5ZK1qM7qfDKGxGGgz50TrOUomga57FVxJHqAtzLJ8Ta4szConX/dCsZNTFiZXzoHoQzD3rTFK01tQj5zSF2V4C1XdU5kydmKeQGW7PKrmYMHf/MwWnlnDtnze9j7+PgAYfWx4mWfOAHjmCTTFNkr5c+UHjYHwKpbwtzjZGTAGoo0YCdrZleF4MrTeexeMDzdLhNizLZ9D145z76umqoDEEOKYh1eP+VFOb0EDOgIZcUuMGmQL0s8FfVCGF5wPHNRFqzJ1hHvSlwoDgTkU+Tv2a9ACAvMUqfvF5QCjjgk3rdj09pmfA7jnBoBunzXs8j0eVDgq2sI6iG1BULORS7HswREsZWZSNTYCi1ziBppzC3FQlE04x+QSJ0Oa3yU/yrbXIojRFYkou4RPLY+JkD7jDsx7rAHG8pjR3bVFKyiIHnC1t2BKjQCzSZDmUu15aRu4sw0HMnM4Gido9ya/kfm31gBMuQhgyOjwck89B+A9NFdWPeqNmhhps04ApVZ17ikddCTZ6TOBTCkPx4+9hxoj/cLzdraKjTAlQgWnDLNM6rhAmXcS0eMXZ7YZUMsB3t0KMbly73NQOkFLpj+M7W7tbh06tiBkLWWOgDdVZCKx0IrYgwSWJI8CbMSaZw7f9SFSWSoC3YVO9mtNABWXh5fLZvJ+8iqAze+gM/+mZDr5lQ3gEr7LpHZamcE4QWKZWCj5jzkeyGeutFYuhgG+YzQ/jabiVl9TJmjyn4qgSeTg3ubsSsmQENdrBCpaj8mVYyDk+L1dya0xtu9yY11FxAULvS1UcSNobpWKaF2I2CymQ+7TjIKWkspSbfnMvsjzywBOrgYoidBkJWjafPG/AG79H4BNUhD7CHOrMjj6tBN3j4w/GuBr349mTrEStm6F9FP14KhP2Zp0TBdeo5jvyQzCX+dHZA6Dn7IuRjn0Y1KzbJeJBE3XF/xxykVfe263NW2EwoplN00ZO/vLqzf0QUEZUPoQUhq5dfiXBXGRreZw7QK17aDU6RLeDHZuAmi+G+C8r0Yrf9gYgHk/BnjwFoCXWqz9QoLyB/C2j0shCvzZbzKacFdcBzB8ZDScEIz7sA5bt7iEyaMiTSb32P4iJ4HNpzT6JEczMz7oqVMw1xC2zZb5HDxOquvcwJIlk/Mm6nFz/o8zp+qVeFw/Eo99zBxOyD/n2vkX0d7mB8Qim1UJUQM50jZoSW5QWFJW7gtPok8x0+658qhDL7AoiZ/5BqafCPDvf1m727r5B/gVqqyde2ySX3EpwLmXAMy4AM8HheNh4o/k+PqrYDzdAFbEdwKyo+vRFqDmVdHkItF9DiPt1Rbg1UqhJpd5ndtRwCONvNHYtqvYub0/B0XPUTsOz5pzWZAHnBoHTZ0I3U3WTmsko5WZly8SmcNgLj6gZsSgMZBkO8CyGoDLfwRQGHGPjiIk3nOvADjudICnH0QG+zdAdxcoBURYWFJWp7MqAWZeBHB0FlshMNi7B9J/rwXS3QH8IJtyWwFJqNvC3JeJSDxib1Xa8jmAa2IVg2RjcuUK4jF6IuafYQ4s5DX8//ncFqMAP5MlyGzgX+CfGRHD3eflZ8qR8xBMO7nV+WfSPQYfvAjQcBsS/LVWXKuoMP5E63fRNQBrlgO8/TL6I++iubbNmuoutI9NKZq17RmMmQAw8VSAshlW0IdsoasTjH/UAryxji8B+KW4INj1osmVeQPANbnAQZma4X0iQXc3VypP3bwm8W6RKQIVFXuOgBB9ctqgppIwmWN/uvvdIj1xVo7LUZQM6jXjPelBSkfUHBpKs1jMCgvq5sGVI+MnlM2Vr+pBYuMepUcATL0Est4XcCAS94zPAFRcCNDeZv22fwiwb4+98AisxVNM4wxDX6KwGGBAUfQluzKwIM+P3Ae0qQFcuSxrC8jwplpSqx1096WIZhVNdotlcp9D3obAxQFAGOw001KHPXMHmOd4QyP3snOTOTqXr91VdG7Z8TktRQUy8QX144cSaMS9IMydZxNWWFBV2bz4yTYsaRKJ+N93IAEPBThpeuSFPgIwYme/UtQMo4/O/v0oYKBv0VQP9P5/mqsaLYLy2cmJIzwHgkwu4N4hUR1yZA71CLkkCGVFLplclpWZzYhwOGAdz0i3G+vZuckcc+8y0o11Fc8u/9MZo2Z+de3mXBYmlRxusnhFCd96mbzSUUNtaZZp1d3uNZtkU8oPVyWOYFFF136AR35v3WMMEnXfkAMFzFRrQg23BHHs7AJ3w5cIa9Q9o+CetFJvUlSHvDuj9cXPLjMM4YqWzbDcB+d58NcnFhcPGUzYlsvs2l0BSKlxfyw/wTZ1uCvHZWaAqMwZhSklSHMQHXTnWXfEvXaYuZOPJkn7TnX+vFbqaVhSthDq4d9bKwanXJydD9KXwCKPPIam1H3/wPMOkbAFKSxrA7Vpw8BNY1vGbm9STAMSi7igdP9+cEfIAfzHTbhrcBhVmqSYSw4ZUDr4eMyu3rnmmAPeR7PiE7krSgGmz0G83aSqRUFhPUgsSGMa1bMeQohazGIOvmwHFwExKjKPrE6CoiaaQRiQQZ66HWDXFoDqq6P3YvUJUGvH2n8uMbUGMddqkADC87p8Xn/DBsm0cZmIjY5HCK7AIsDTDnHtCA9+DCJYW6LJlTOzSif0LMysybnOsHq38QxJxBbh2c9zVZgHVPa+8DAqgdqUybpUw5hD1zPM4ZYNorbqzZbP/AlbFLXmYYBtaLLOXgAwpu/dOCW8+SrAHbcAvPFyRhD5rCSknMpQEJ7vdA7Z2jS3WYvQKUHbO6xxDl+HnDfd1Fs+yxZxzoCQaqM7+R3n0mWO6q+s2oF+x6Anf3PagFnfer5vN88M8ivkBUC+O5bgjSSaVvkhg18sdkT+wPCv6+tzcPJJRTFyHuz4wUsAf/2uNVB49uUAgyJusNkrwMK3o9Z66A6AZvQxOjoy9XCTeH0HixOIxDB8exO3bnL1eXFOigqjbWK6D0nLiUJp55FhSq5BhWuJUSS8cggXzbhu9aXOhWAkYoXvzCstnIqnK3JapAN+A3tEcfSbyeo+w3+duwGKx4SUyTRHifWekL9CK/UkLKmAN0dFrCfr2UcA3n0e4LTZAJPQnSsd2bMerSBg2x5s2wzwTCMaBE9Ye56nDTWe7IpSj7YAUPQ3+Jg2vhqlZKDVZR6G7p69QBBnb5jP4ODVoCoz83qv4YlbysYn8rSH+XtCbbDwNfj/TOgr5mC1UTm+nkl+AKGOO1tl17kjWrkDhtlEaUScKq7II2hHWtUkRfOACXdsBHjyVoC1jwMcMxkZZaa1Fp3tEtXTni02PyuF/tbGdwFWPgnw0jPIIB/6+FP8DZshaO63fNZKSyM55HTHLvx0GbMqo7Uiql2IAAAfxUlEQVQi7FZrJvd2K+cCEnmkDDN8lL8n1KZyXtMjaFrdh6e/zE2RMsjiBxQiiTuC4p77DJmjIyJzDBxpOeZsbETOn5c/sinlAOXS8ad8MpXY5TPYgRK99V8Aqx8EGDYOYPzJAOMmARwx3jK78kNiXLSjCblzK8Dm9wDeegX9CjTdPvzAYgjP5EkF/sItPhYvAJXr5TSOFQ9IEiF8vTizZ+SISJqDbtsOJJ3iUFLnl8Ez2OTKleZAOD9pwP/yN7y1ofTehpunHFd13eo3clRoBvwWMPHS1gXpnivpwbrPCKKj1bZfQyRwyVjLMU/7GakyMXPluzgCKB30sB4w/tIUvYYVyWQL/tY8BhAvsLp+B5QinsOtaxYfi9Wvs9367doOsGeXNReLbXOQTIpM6SlbAtWSXHnSn3M0JXk0beHyIbatNnZsuBhHjWew4HFmlHV1t7JXW3CLqwJMrt7AiiWTSzQ9ceKshU2v8/c9zIHNspTE8+bgae6Zg4D6IzpfIXKwAftx+zZr5Dusx6pwiOV3JDs5BHyInM8/yK8Q0AwwBYMYjE2BabcJnTHAxjetNJT/0cy588wvDlbAzlEirhyDEJvgfLYVcF4RGUI0bZjG0CZMgDCgyRQYW7a6ZQgKi9hHQTGIjKpiIqx2r6dXaSSOKpwul+97mKMjub+hIF68DE9/39tCPWAap+A/typbAt2/2TKVwpiDpR92HKbf6mUwGT/+yJfv3PNdnQdqBs6WwcK2fHbuRRlMlctX4e+E+vGRzOC87TaDd/o4DB2CZlWEtSTd3VaMLMf3UVm03BEA1Ewk4Bl17YI/EI1cnjbAE0zdwxznXffirsbainT9n6cOYd27vS1YjQ0o7GDFM3DOZdFlJ2xHJ7S7DSAvQky6kacAfNAEbKtQf7uc/+IgPeOSq/S66sv55REpf/6ooqJc4u/9CJnk1L3jmXZiaxB96tRwk4q9ynaaat0uVNFVXSq03LIB5MkimXhXJBcTc6+fsaDpa/JNtQdF6K0kEZuNZ//MQcEZ6Ik5ECRtmdDY9Rba6xGk1uBj0LwahNpjp1i+XI6KY4M2tgkLluA8UJpcYKUNi/pIpVdUEIa/PANByp/vwQInB9e0AVD1JplPi4tBO/XUAMQykH77nYwpJ5hpIPYphGoL6589UtMr5mioKS/DNvit6pmSOVIdnQ/FCgr+Crlmjqhzq3gINFkQdrwCMPrscMk1aBw6vEdac6zk8sMI1MHdPEbBP0sGU3Y85JDBVOUo8OzJls9k/DjQjj0OQgHrbry6zs3cMwrOKUeQrv0ZxMo5vPAAIDDPSKtdCCVzsJm5DXUVw5gXP2Phmj29KtyLjAi+5gYnTtxbCrNhD2qOrl3ocIcs/mHrOo5BZbj1JWucQC4bQMKDexDVJFLhL+QfweyRGSzUlPLDX5W/gsFU3T6yaUP4A2dyxXTQzrsQIBG+zQHd0QoGag7XHHILUJlw4SaX23HQC+ZYuvjk+NCxJXNmLGxaoHru3zGdTn9X0xP/gWc/6WnhHlBJRfceiPcZhDnoDPZvAmh7P5w5GIw4GWDIRLR77Y64wKiDXFkB0tZf0oNX66neN2/5vB+mlXoZNVG4Z5uH7mY5PpI6Q7j494nTQTspWrBM4933gG7ebBep1hYgl+nF1lND6v84FIaOLr4Q3/6V33Nf5uiG1MsJ0L8LuWQOYc04g6jmTACBsuWyW1YBDDsNpEReYPOwjkNJt/Nta9qFqhwPkGg9SH6TFJ16BjGYqgeMf9YrBvPLQ3rGM6LvJMVMEQS1hf6ZzwMURdg5CvNLr2wxYw171o5In9cq02+3WvD4RVpvHHKifcfoSp3v99iXOc5duObDxrqK3StunjJhxnWr3+0xAh6EAu6pngUFG3C+1LZnrTGPwhHhhY+bDrARmWlDS8a8csrJ1dwqVblRVxcG+RU9YrAsNLU8BsIOnkmJeMyLA7n8i0COieBrsHc2bgTjhRc5U4hwFicfwFoe8COZMkHe/sDGi/asK7dhyeSjiZ7YGNQjGzzeT9M/0+N538KziEGaQsATupGzwf1sfSm50i5nPsemRoCJnwGJghQ44PPT5gF04jtbXxVpx5M/ZPBQPouAf2D+nGHgPpOI2bdsv/wVDNbjLmbvmguSh77bnAvR17gIIgHTGvX1QNn6EoXgsPJ3/I5gCymDJh/vqofjHHr8OmpQZS+VA4HMUTl/5Vp0zGty5pgTsherN1y6B75cENoDY6dl7bP+CdQKnwSIR1hkNABROOM6gLW3oNZZh+UYEaWtonwlL3L4u+ZMAP5Roj76xvECyEnURIFhIfO+zfxmsngC4JOfBnIJmlN50cLw0N27Id2wHN9PC868qC1c51rQDvy1mZdykmL2ZpXtiH+uckHTd4LShc4UMwz6HV1PfB1PF2eLhAc0ssv6iFmYA4LJFWAOdKF2XP84wNFzIdJs19KjAMpQKT5XhyZWM3iDxPkQqN/cKtdcUrwv4K9gkKCR9UgMxuGogiDHPeqWz4WFQD63EGDWhZEmGJqQTkP64YcA9uw287ODsIE8ozZs7paHiUQzL2vmQMa4At/8QVi60FrOWNC8HH2PmtsWT/jlVYvejRrVwAfoh4IKz7U58MEjWHN0zAdNjIZO4TCAchQe66cCvI4fsfVNqZuX+1Kqey7+UrogHFWmFMhfXNU+QW0Q0nY8ZJs/2432zAogn0Z6GnsUZAP09dfAWPaofBcAvN23GUT4Kxpgcjmc1YOuXAq/al22cgTMC04WSQQgYreMHX1EFZ4+ljUiImwy6xQ0YsuDrzTkiIHvAetGCfXO3QCnoqKLRdysimmZcecADD8FTSz0Qd5G82z3enTwd1mM4ittZfwVUj1o4DBS1EeubJXZ49GqkkYOipoolO3g6pSlWVtGTzjeCjd6zAlW1PhsYM8eSN1zB8D+NhBWGuZGW7gmF55kJbAbayrOxXd+xyLuhKWNxBxV85p/jtpj/eM3HjdxzvVvRAw16AWqwcYMnUhmE3/PgaAeJFVYT3bS+rxlXk24BMCfuyTAdAVIDOMqAMZMwQ+7AWDnOwAfvgiw/U1rVD2Vsrp/3R6uiPjLRKhKK2sVIVkPGYxPF+RXsFPGDGxKP/MpjkSteypq0hM+gZpiQnQTigf8LsbD9wOse8UuLcpMX+81cOn9lCuebckKNw1+mU53TY+SNHLNsXrfyi8YykYS/5QVMgIY71GipbCSscjmgGwG+Jk47vtIxG/fBVA0HrXB6QCRGcQGHR3NwROs3zGzrPw7kDn2bATYuxlgXytes6iEbZlj5z6AZJf9Y8HmDIlGVfVU1MnvmafeoDaX3BOZirh2YsuGC4qsSIqlaFYOOQLbabTFFOOPRVOzlxsLo+9mNP8b0g/eawkUi/uk6qhNKY/FatOBdU2EelsMZ2qk9VFRW147bWqM6PVRO5ciMwdqj3tQe7Av32PmMAjZjJ+GBS0qMW9EMQdc4CSl+y6AsheHhex59c9Yu28gkU+CrBlEKJZY60HYb6Q9wc7UIGlrLQm1z5lDb2oVw4wqCKku65e0IzOyZa3sy7OwpOZ7XBmOVnLvcfVkx6StrB1NybSoueCJWsTOtlng86P2j0l9tngqnm9N8WDhggaUWPfZO3lxa6FVxL38QoE57s+tAaP2z0Cwvk7vkoNSmLZg4JEJYSaXBh9ERQ8Z41fYbHMjp4+a0AQKNy//y9QzZ16z6tms3rMhTehGHUgbMkCJv7nhgELaqkwRv1Ff1nv16s0Ak65FBjkJesUgMjCCNMPQHCTB2w4GYNsZvPAsGHV/ArJ3t+AfAM8A7rVnExorG+kTK5VoRjmi1KCRBqgba6edAUR/eda1TduiVikr5qhe2PK1+poyFrYnS+/MgnfIWxtOgOPZOslMyBBXezBQ+BV+c6uEqdwqOwNhP5pCL96ADHIdwLAzM/b7YcgtMI2x6mmgNX8Esmc3COMZ4CV4ID3YrRaoZHKZJ21oRUebvUH032WjNRhkxRyGYdD62mnnNtRV/KJqXtP3snmXwYknvtxN1132EmJ6SqQuWgC1+ABZ14L4Ep++E32E53+N/sNn0eE+N3ov1mGIBm1ovj+C/sUDd1mmnusb8AxCBYbhBZm7KsPufsowDBFjYwnv2/cp7Ok2OqX95LzQuKRsCtXI2lnXNkfWGgyy7op4x0itmqhr9+Bp1szBACXGSqz4Fb5mk7IHxnxTrS1UvUWEu2T/2OTEt+4A2PU6MgkKj5II2yUfhmBgAarffBng3r+j+fqi6TfxkwpB0Abi1gVKbeG+kxnX8AwzyZ9cI2/cvOz+1kUhqFJdu9lId1VmW8WsmWPhwjXJxpqyrzbWVvy/yvlNf8j2fUOH57By+7CtivynWkt+hQqc1ozKYKwXa9tqZJA3rGkm7JcYGFLIYfAAo9adqI2fQG2x4mH8km3WVHfgOxozVBzqkANwnZMRmIhzyIGm/73IMAIHARvqytGuhmt7Mv2pB53YAJULWu5F0+rpx288459zrl+7PZt3uwE+KABgIVDONG8ozSpJZDgJowRt9e3idBDYjVrknwDvPwIwuhpgbBXAwHGKhIdBAEaD698GeHoZQNOTVqBqyfQVzSafUXDXCXEu/UfBMyFLrTwyn9x8ax8B4+kglB+/8bhEfuGwSyvnNX29J1XuEXMw6E53fSa/sOBOPJ2RzXuPvnLftktPuXQN1u5M/6nboHaynXtRog6azxSc4oiy7r0A7z0AsLEBoPQEgFHT0Nw62pr2HhbN5OMCLE4W223qPZRlzzyFNvVrlo/hdJLw7c+An6QIau0gahiAqNrCyp6b0g70pX1p8lbQapJEwdA/pdP0vJ5Wv8fMwdZ7NNSU/au+tmJu9fympVHfmzvXSKdfv/RRTdOuI+6eVQq/wi8AnGx4ys44n53vTFaHwfCY3GMtltqCJlf+UICiIwGGILMMPQnPR1mMwpbYaj1uqkMD2PgLG5NJoVO9ZQPAG8+jhn0VYNP7aEZtt+Lv8prCp/3ddejgxxDilBCAAJNL0Ebylmu0cdRjS1sNn+1k6usqpmG63TMWNr/c0ybp1RevWtDyx8a6iteW3nTy43O//HLE3WRQ+LS3PV1SVPIBEuj4Xs+tInLiEAZz00oMZo6Eb7MWTW191tJMeQOQQcbgbzT+jrAmKhawAHF2kLi8wkOPaZxIim27APag77C71dqsc9tGiym2rLf8CNZkzgxqVa+ic61YCekutQXe+nXCj4pB2sCXIQK3fO6GJNzFek/9qoloNVXOb+7V6Gavv2x3V3L20HjJ3XgaWX0tf3f5PjStlmLNvokNwnUbKfwKvy7anvocgXlw+p7dS+5HwkEHfsfr9jPW1uynWUfW4xUrsNaQ6Pl4nm9pGnakGlceezdPxIFK52yEPWWPevPP2RYKbATb4NpAlYd7z36fjcgzs8j8dVoMsc/emDOZsnqbmLZIpa1zJ+auY67KIl9oQ8Eu8rang4zgX2TyEEOBcvkA4fKwWco1sThhSOljrZ273vTrlEeB/dsUTZf7PI4MvWaO2V9evaGxrvyBhtqKz1XNb4oUyoeZVqk3596tE20+1rRUeJhNFy3vV/Q0aqJcjKyVeL+I9Xixn5MvK6eTOaZbMsTq4KMK6+m+BxkC8KTzy4Ny0tx5RqX3OLwoSHnQ4HSqugsNI5m3fmtwuGk/Vhxq1caYKvmUCdMWYnJ1YPF/P6qxsUtldDTUlbNdkbWZ81euUjzOCnJiE1TOa74FubXp8RvPWB619yp+/H3Ppt+8dCVW+TxPw4fNrYq0PZoPgwU57qFTxSMwWNCOtKouZk9XNJ9/FPy5dlLNAs4l/h6/ToU/T9nqQA2OgeCkt4jfG9iaL9XVIJS8sK1t9yMqkwr9WFJfU/bvynlN4bGCIkDODOa9O3Z+cuCQwUjscFKU9Kxy6Tcu+z9Nh6nYcIO9JpHUotTnnsqsUoofAGEeA8jpfe4J+fuYffLsuazyd7QSeClBZRJ68vepZ0/Dkvrhn00eQjvJ2x3Yicxrfi24hbfYBDxCZkF70Qb82bj6euUajhU1ZbeCkTpD9awnkDPm+NR31rU1LJn2zYa6ih9WzWuKFM7nw12bV40eNvoxlFZfEBYP8SaRRxqGSCv5Y6nyEEwu+yVlWE+A6NJWxt/HFDHziIK/TzkHedREJf6eQA3qbQVkOZPhMZuJCDzQ1tnVoJrYh+bUhXh4pXLBqlcVj3sEOe1qqVq4chmaV3n4+y6qttANcMZMbe5Ivn3Zb2KEzMIGGB76gWUCFZgoAoG670I0Ag1i0p4QqGwu9Tn+JPs179kwmJtHBAZTjYEAeH174mNyUdiUNuBXIx5/3LNf5aM3n1paEC/+bxTKk+VnvYGc90Pau0Pdg/bfr4K62hx44IV7X7rktLm/xnb4JapZzWMOeNZIgvAtxO/HfWBfcSTlAYq8VKYUD8q15X75+5hN8j0h/yxwjIo/X06uwpKq6h2Av+Wgg9CeYpA3+b57zfZJ+9H/PfzIukXghcJ4UXNr156zFI96BX3SSd/Zvr0UHSO2QmtsWFrWc/XBU9U3Hjl2aDU23BzCB0hl4BB4T6SVm0dUc4DYeUSRttz7skbzgB/+9r1cRE3k26kvoiY6ZQdFTQwLS6pw0J1ixfEN4B30NCH0r69s2H67ah4VmvE/MSj9SjbjbFGhT5iDrTN//MYzTmc9WKhJKsLSj5te35l877LvxTQyFhv+JIFIAnuQOJBNFs8z4tMDAyAwmHk7SwYTCCeEwQQcs2Sw3mxs49QziMHCumh5zSCoJz5pAIPZsxJ4BnFzsPN0BwktEcncksZUKrno9DVrknJ26GfcnzLS35y1YNV76gJ7B302vMu6dBtrK+5urCm7lE1UDEufd9Q9L6XfuuTrmha7HdvliD7polXZ5XJWfs+iRPMIy0P5LAL+fNpswpIKmo7DNVdhSVWaOmIcsmhbPpPnDZr8asGDyzdJyDjrwd/rK8Zg0KdzH9iU9hVLyk9uqC2vqZrfrAzzzkPecf+qT7756Ss1ot+O7WZFRvTYtYoPF9RFq8yDe+a80JuwpMr8JZxk+1/APyR/IY8s8Ff5Wsr87Ruh+Eeot5udz3cSRsQp8GF7XOZhysOAF9IpelnioeWelX4rlkw+MqYnfohWyQXys1xCn08MYhO/GmrKH0EG+ToyyA1BaZkDj4788uRbc69BK+S32GwTej1iK0u6rMwBTqr3tAdJluoqWz8XURMFaa7An9dKYX5F0LMeRk1U4e+z3UEaeaMJSeG6xEP1HsZYetPJRUMTJU8gY5wQgG1O4IDMmqta0Hw/Msd36mvKL6he0PxwUFq7h+uB1JuX7tB1/ffY8KcRNlfZtwvVhiBzQA4A1wtzQMlgMuH4EWhvGSzIcc92y2eVIAjzyVzN0EMGU+Evjoyjx03uTqaS38t/4N+ekDv2CHhrrkbAw+CATSlFrfHrhrqKJfW1Zeur57e8FJY+duy9TfvePn/OAChchM23gABNBJo9UUwRkNKFmhuKPHqSfxSzLTB/4trmgtkTFKo0FH+FKeUIkigmlDL/CKaUsv1NnLfTNPzPG29t+8uJL7/cDQqor5n24VvpruJK1cM+gAM637pqXtPCxrqK+kdvmvL59sY128NCMhYd88j2D56q/vbYUaVNAPrXsZHPIALOklTn7zkQJWpij7s4/aQtJ+l5olC9HwV/CgHmTASzrbdhSXntK5QDIv4qrRQyVw7R78R/T6YJ/PRf/3r62bmGlyaYj6Fr8Yc7O4xjF17v7bXqKzjgixFQJVYjgzyXOvP46XjZFpaedfPi4c6Otz71dILGv4Afmu0VMhKb1p4DHmIO8JdBfkVPGcyXcHLEYDJayptRGQzUJqkn/xwyGJ+Oe5eaK6bhHWoYP93XSR4d+NBTu1Rxc55cUnF8np74hUGNWXOuX7k3APucQ7+s1EEGYWMgrzxxS9kF517b8n6UdwomPsi6836174Xzby0sLPgCSiNkFDjDIlkVgToXHOFEmWrdEwYLWr7rQC4YLMqWz4EMpjB7ZL8iCP/eMhjiTw1zr4dmSo3b2rr23Vty33O7/XZUYQEE82L6NyrnNV8cUGKfQb8tY0MGOQkZ5F+NtWW/rpzf0hz1vaJPPLJ98WLtD1+57LKaUpo+VdfZpEU4C7/F8fjdB/Sfz8ExomyD9zh/zodw85DuBeJv3xDyl4g26/ZRMFjILGB83I5M/TqetKTT9Pbt+9tfHv3Q2o6g6UUNS6bNjumxC5BOvuCXpq+hX9d4YsUvbqyt+FV9bcVR1fObbo/63qJF5jQCNl2geelSbdX5x1w0Ik/TJmg6TCMGORE/x3FIBEPwGEdplcAPE8ePFkeJx+qLPxIzJ1FH6uL0k7acXe7XixZkb0fqQYJgvyhb/FVSPdSnAeWMZWsBK6TMH8EfJUkgLEAYYYF9u/HxDrz3JiXGa0aStCT15LuPtK/cwvzMkYqm4gHp4Qqi6+ORPv5fQLI+h35fAF05v+k/62vLFiCT/BTPQ3fbkYHNzcLDZvvXxO6xLr/tTRcVDYjDIF0jg0gKBhGdFuNHLCQGFOJHL6JpWow0MxCZqBC/1ACkgkI8L8CPylZfFuAvH9OzCM14ZOtj2RF0MIwEmBEXSJwxHwE7YjyDKHOr+HtRumj5tEF+RSCDgctEaNSw9mJEzCJbJ61zFg1b68TX01g+8/GQ4PFokA5ggb8B8Ej3I7G347Eds9qD+e3D9PvQTGoHzWinBmnDvHenk8bu/SS9e0jN020ORqx4RmhRYnE21FZ8DxuhtWpeS+52Me4h9DtzMKie31LTWFM+HRnkUWSQHodSccBW1232b0OvEfwIgdKnz2EerJekp4MQaGb/BSD9r+r5K+XtoPoFDgrmYFC5oPmpZTdNeRcbaM+etvZxF33tud39jdNhOHDAggSSVPr6qmtWvtjfuDhw0DAHAxasAZ3t0uljy55tXFL25cqFLav7G6fD0Lfw4K9PLB44ZPDmrvaOCdlGz+xrOKiYg4HtbJ/eUFv+u4aasrNYbKz+xukw9A2wSanFQwbf8dSGlhL7ux9UcNAxhwNV85u/waIpsu5e1qvV3/gchtxCY1355zUNqqvmNZ1c1d/I+MBByxwMWJjRJ25BE6uugnYDnTh7XvPb/Y3TYeg9oFVwIwHyUtX8ptBlDP0JBzVzMLBH0AlKmrsba8qfQMe9tr9xOgw9g4baii8RAt9Np9NX9HTrvAMJBz1zOFA5r/kzDXUVX0Qt8kjrhj2fnrtIPXPzMBycgN/tl5Qar6V2d5wx61vPeyKIHIxwyDAHA7RP/77spimNQ8eWvL+ituzzM+a3NPY3TochGFbUlM/UNfJoOm1Uz1jY0tTf+GQDhxRzMGDdvXgYxaJOoDT6a/WClqOihAA6DAcW6mvLRmhEq0PGeKZyXtMhueHJIcccDqAW+eFtiyf8pL6mrKOxtuLyyvlND/Q3TofBXq23pOy/CNFmdnclr7SF2SEJhyxzMLhq0btsHlA+apBvsjUiYBi/qVzQ8o/+xuvjCqzrHYXV7WDARVXzm37a3/j0Fg5p5nAA1fZvH/j96XUDiwsvY71ayTT571kLm17vb7w+LlBfO+1sjei3Emr8vnJ+ywFZ330g4CPBHAzsuVhLltWVN8R1uhg1yVD0RP6ezVT4w5AdrKirOE0D+AMhenPrXnry3K+3dPQ3TrmEjwxzOGAPFH6h4Zby0RCjn0RNsi6dhsubNq989WCconAowvKaKZ+IaXm/0ii809XRccnBNicqV/CRYw4Hqq5tZstqa5bedPKdQ+IDb5g+tuyyhtqy7+1YtuovYYEdDoMaGmrKy4hGfq5rsddSHR1Xz/zq2s39jVNfwkeWORywAwyzaQoLGmvLLh96bhkLU/rTfUbXTRcsXNPe3/gd7MAifxA9cTqaT78ADR4yqPGZ6vktW/sbrwMBH3nm4AGdRbYv710NNWWfKtISL6BfEgOD/rSz07jnQEe2OJhh6eWaXjKzbGKeRv9b1xMDKdAVyV3th8zIdq7gY8UcDlQtaHkQDw8uvaG8YMhAMje/QGtCRnkzbdCbdz25suHjanY11FRUE41+AbXrJRTgYdqdWlx13eo3+huv/oKPJXM4MPfrzax35e/s17Bk8tEoJa9Awrinoa5iKZoP/2jauKoJnfhUf+PZV7B4saZNHzN1GhCNRfg4j2hwWzoNN8xY2DS/v3E7GOBjzRw8VC1c8w4eFrNffW3ZKRohl6ETfzcyylMA9O5Ukjw169qmbf2NZ2/B2iKsqIIAsPpdDBRuNtJGzYbNW75pD6oeBhsOM4cC7Fi+7PejZXXlx8QpnJuXB0vR9CpHYvoNapV1qWR6xd6uWKutfQ5KYL7D4NlTh2oUKoCQS/HWSYXx4m70Ie5MUfrzmfObr+xvHA9mOMwcIWCPm7Dfn9h1Y21ZOSHasfG4dsvQBByPmmUPSuFlyDQtlNLtlNB3Zi5cte1AT4ZkGiFfH3AUITCGaNocLHza0NllY4EA2131XppMLu5KaR8e7niIDoeZI0uwozOy363sesWSySUAeSfrusaiLqK5op1ZX1N2FmqZ9WiOvUyBvInJPgCa3pRO021GTN+tdXS2t7d3tMUL0t37nn4r9Zl7rBhnDkMxX2DSOsxt2rR4HulI5BfqBWDkJXRiDNVjOosTXIwJx+HxGKBkEqY8HTUC03TPIJO+w8wkCsnvz1i4Zk9/tdNHAQ4zRy/BJsAm++cC22RlYGLgETo1xugURlOinxLTYRRlQbALCkoGFhSMwmQD82cPK6w/1wwipyNDmeHX0BfohjHQhUS/G6CQSfpdoEMbpWQjnr+PDLGXUuMFg5KHSTK1uforq3Yc8Ip/DOD/AyYk9aArGdI0AAAAAElFTkSuQmCC" data-filename="ig.png" style="text-align: center; background-color: transparent; color: inherit; font-size: 0.875rem; width: 58.1667px;"></div><div style="text-align: left;"><span style="font-family: &quot;Open Sans&quot;; font-size: 18px; color: rgb(90, 90, 90); text-align: justify;">&nbsp; <span style="font-size: 14px;">&nbsp;<span style="font-size: 18px;">To make your order, you need to download and install our mobile app through Google Play or App&nbsp;</span></span></span><span style="color: rgb(90, 90, 90); font-family: &quot;Open Sans&quot;; text-align: justify; font-size: 18px;">Store. Get the latest promo/sale!</span></div><div style="text-align: left;"><span style="font-family: &quot;Open Sans&quot;; font-size: 14px; color: rgb(90, 90, 90); text-align: justify;"><br></span></div><div style="text-align: left;"><span style="font-family: &quot;Open Sans&quot;; font-size: 14px; color: rgb(90, 90, 90); text-align: justify;">2. LOGIN DENGAN AKUN ANDA</span></div><div style="text-align: center; "><div style="text-align: left; "><span style="font-family: &quot;Open Sans&quot;;">﻿</span><span style="font-family: &quot;Open Sans&quot;;">﻿</span><span style="font-family: &quot;Open Sans&quot;;">﻿&nbsp; &nbsp; &nbsp; &nbsp;</span><img src="data:image/png;base64,iVBORw0KGgoAAAANSUhEUgAAAMcAAADHCAYAAACtBUfGAAAKN2lDQ1BzUkdCIElFQzYxOTY2LTIuMQAAeJydlndUU9kWh8+9N71QkhCKlNBraFICSA29SJEuKjEJEErAkAAiNkRUcERRkaYIMijggKNDkbEiioUBUbHrBBlE1HFwFBuWSWStGd+8ee/Nm98f935rn73P3Wfvfda6AJD8gwXCTFgJgAyhWBTh58WIjYtnYAcBDPAAA2wA4HCzs0IW+EYCmQJ82IxsmRP4F726DiD5+yrTP4zBAP+flLlZIjEAUJiM5/L42VwZF8k4PVecJbdPyZi2NE3OMErOIlmCMlaTc/IsW3z2mWUPOfMyhDwZy3PO4mXw5Nwn4405Er6MkWAZF+cI+LkyviZjg3RJhkDGb+SxGXxONgAoktwu5nNTZGwtY5IoMoIt43kA4EjJX/DSL1jMzxPLD8XOzFouEiSniBkmXFOGjZMTi+HPz03ni8XMMA43jSPiMdiZGVkc4XIAZs/8WRR5bRmyIjvYODk4MG0tbb4o1H9d/JuS93aWXoR/7hlEH/jD9ld+mQ0AsKZltdn6h21pFQBd6wFQu/2HzWAvAIqyvnUOfXEeunxeUsTiLGcrq9zcXEsBn2spL+jv+p8Of0NffM9Svt3v5WF485M4knQxQ143bmZ6pkTEyM7icPkM5p+H+B8H/nUeFhH8JL6IL5RFRMumTCBMlrVbyBOIBZlChkD4n5r4D8P+pNm5lona+BHQllgCpSEaQH4eACgqESAJe2Qr0O99C8ZHA/nNi9GZmJ37z4L+fVe4TP7IFiR/jmNHRDK4ElHO7Jr8WgI0IABFQAPqQBvoAxPABLbAEbgAD+ADAkEoiARxYDHgghSQAUQgFxSAtaAYlIKtYCeoBnWgETSDNnAYdIFj4DQ4By6By2AE3AFSMA6egCnwCsxAEISFyBAVUod0IEPIHLKFWJAb5AMFQxFQHJQIJUNCSAIVQOugUqgcqobqoWboW+godBq6AA1Dt6BRaBL6FXoHIzAJpsFasBFsBbNgTzgIjoQXwcnwMjgfLoK3wJVwA3wQ7oRPw5fgEVgKP4GnEYAQETqiizARFsJGQpF4JAkRIauQEqQCaUDakB6kH7mKSJGnyFsUBkVFMVBMlAvKHxWF4qKWoVahNqOqUQdQnag+1FXUKGoK9RFNRmuizdHO6AB0LDoZnYsuRlegm9Ad6LPoEfQ4+hUGg6FjjDGOGH9MHCYVswKzGbMb0445hRnGjGGmsVisOtYc64oNxXKwYmwxtgp7EHsSewU7jn2DI+J0cLY4X1w8TogrxFXgWnAncFdwE7gZvBLeEO+MD8Xz8MvxZfhGfA9+CD+OnyEoE4wJroRIQiphLaGS0EY4S7hLeEEkEvWITsRwooC4hlhJPEQ8TxwlviVRSGYkNimBJCFtIe0nnSLdIr0gk8lGZA9yPFlM3kJuJp8h3ye/UaAqWCoEKPAUVivUKHQqXFF4pohXNFT0VFysmK9YoXhEcUjxqRJeyUiJrcRRWqVUo3RU6YbStDJV2UY5VDlDebNyi/IF5UcULMWI4kPhUYoo+yhnKGNUhKpPZVO51HXURupZ6jgNQzOmBdBSaaW0b2iDtCkVioqdSrRKnkqNynEVKR2hG9ED6On0Mvph+nX6O1UtVU9Vvuom1TbVK6qv1eaoeajx1UrU2tVG1N6pM9R91NPUt6l3qd/TQGmYaYRr5Grs0Tir8XQObY7LHO6ckjmH59zWhDXNNCM0V2ju0xzQnNbS1vLTytKq0jqj9VSbru2hnaq9Q/uE9qQOVcdNR6CzQ+ekzmOGCsOTkc6oZPQxpnQ1df11Jbr1uoO6M3rGelF6hXrtevf0Cfos/ST9Hfq9+lMGOgYhBgUGrQa3DfGGLMMUw12G/YavjYyNYow2GHUZPTJWMw4wzjduNb5rQjZxN1lm0mByzRRjyjJNM91tetkMNrM3SzGrMRsyh80dzAXmu82HLdAWThZCiwaLG0wS05OZw2xljlrSLYMtCy27LJ9ZGVjFW22z6rf6aG1vnW7daH3HhmITaFNo02Pzq62ZLde2xvbaXPJc37mr53bPfW5nbse322N3055qH2K/wb7X/oODo4PIoc1h0tHAMdGx1vEGi8YKY21mnXdCO3k5rXY65vTW2cFZ7HzY+RcXpkuaS4vLo3nG8/jzGueNueq5clzrXaVuDLdEt71uUnddd457g/sDD30PnkeTx4SnqWeq50HPZ17WXiKvDq/XbGf2SvYpb8Tbz7vEe9CH4hPlU+1z31fPN9m31XfKz95vhd8pf7R/kP82/xsBWgHcgOaAqUDHwJWBfUGkoAVB1UEPgs2CRcE9IXBIYMj2kLvzDecL53eFgtCA0O2h98KMw5aFfR+OCQ8Lrwl/GGETURDRv4C6YMmClgWvIr0iyyLvRJlESaJ6oxWjE6Kbo1/HeMeUx0hjrWJXxl6K04gTxHXHY+Oj45vipxf6LNy5cDzBPqE44foi40V5iy4s1licvvj4EsUlnCVHEtGJMYktie85oZwGzvTSgKW1S6e4bO4u7hOeB28Hb5Lvyi/nTyS5JpUnPUp2Td6ePJninlKR8lTAFlQLnqf6p9alvk4LTduf9ik9Jr09A5eRmHFUSBGmCfsytTPzMoezzLOKs6TLnJftXDYlChI1ZUPZi7K7xTTZz9SAxESyXjKa45ZTk/MmNzr3SJ5ynjBvYLnZ8k3LJ/J9879egVrBXdFboFuwtmB0pefK+lXQqqWrelfrry5aPb7Gb82BtYS1aWt/KLQuLC98uS5mXU+RVtGaorH1futbixWKRcU3NrhsqNuI2ijYOLhp7qaqTR9LeCUXS61LK0rfb+ZuvviVzVeVX33akrRlsMyhbM9WzFbh1uvb3LcdKFcuzy8f2x6yvXMHY0fJjpc7l+y8UGFXUbeLsEuyS1oZXNldZVC1tep9dUr1SI1XTXutZu2m2te7ebuv7PHY01anVVda926vYO/Ner/6zgajhop9mH05+x42Rjf2f836urlJo6m06cN+4X7pgYgDfc2Ozc0tmi1lrXCrpHXyYMLBy994f9Pdxmyrb6e3lx4ChySHHn+b+O31w0GHe4+wjrR9Z/hdbQe1o6QT6lzeOdWV0iXtjusePhp4tLfHpafje8vv9x/TPVZzXOV42QnCiaITn07mn5w+lXXq6enk02O9S3rvnIk9c60vvG/wbNDZ8+d8z53p9+w/ed71/LELzheOXmRd7LrkcKlzwH6g4wf7HzoGHQY7hxyHui87Xe4Znjd84or7ldNXva+euxZw7dLI/JHh61HXb95IuCG9ybv56Fb6ree3c27P3FlzF3235J7SvYr7mvcbfjT9sV3qID0+6j068GDBgztj3LEnP2X/9H686CH5YcWEzkTzI9tHxyZ9Jy8/Xvh4/EnWk5mnxT8r/1z7zOTZd794/DIwFTs1/lz0/NOvm1+ov9j/0u5l73TY9P1XGa9mXpe8UX9z4C3rbf+7mHcTM7nvse8rP5h+6PkY9PHup4xPn34D94Tz+49wZioAAAAJcEhZcwAALiMAAC4jAXilP3YAACAASURBVHic7X0HeFzFtfCZe1e7kixZlitu2BhMMyUUY1sSWJILDiUQMCGFAHEBkvD+9JfkJXmO30vPS0ISEiCWREgIoRgIHYwtiSDJNsZ0TG9uuMhVttru3vnP3LYzc+eWlVaWDT6fVrfNnTkz99QpZ2KUUjgMfQdLlkzOOxJgKNHjA/IABlMgozTDGACEDMLHJZSQQqA0nxCSh99CJ0AMIJDC8y583o739xvU2Aug7dbA+DBtkL20u3PHptZdO69a9G5nf9fvowyx/kbgowCappHH/zR5TDwROxZlzcmEwMkA5FR8NGKinmBtvA6A7kAxtJkA/YBq2j683mYAvAPU6CRE6zIMZAgjbUkqncR05CZKjQShyDygFRNqjASinaVpdDDkF4wbN7ZgYmNdxWBM/QqW+SKW+XKaGutoZ9ebM7+6dnN/tsdHBQ4zRw9gWV354LgBM0EjJ+BldX1N2RSgUI9E+gxqgRfTBqzoSrdt1FKd7XOuf6Orr/BYvFjTzhh1xuACPTFWN+hE5NEZpKDgv5BppuPjVfhrpOl0c1dX9/Nzrl+7va/w+KjCYeaIACYzAMwBSq4AQk+PA1kPGvw1bdBmQujN1fNbtvYHXosWob4BaLV/z+PvbudZfW3ZCEK1SaDrZYnCgh811pVPpJTcj5rqsf002XLBwjWt/YHzoQSHmUMBSy/X9NLZU8/WCPks+gALkRnWomao6e5OXvtBzNiycOGaZH/jGAY2w7JfPf5+wnyfCXriJB206iIt8T3ULqVow/2DpNIPVV6z8sV+RveghMPMwUFjbVk5OsxfGnpu2SUU6J/SRurmmQtWX9ffeOUCbIZ+3v79ZulNJxcNiRWVQUz/KjLKfErpTSgA7qha0NzSz6geNPCxZ46GuopxSBRfQof2v9DxvcEw6O9nLGxa0N949TXM/fLL+/CwzP5ds/wvU8/UY/rlyCiNKBj+bAC5bca8puf7Gc1+hY8tczTUTjuPEP17BGA3+hG/r5zXHO9vnPoTZl6z6lk8sN93GurKz9IoXIOMMhcZ5ZcdXanbz/vy6i39jeOBho8Vczz46xOLBw4ZvBBPfw2g/yCZhLmzrm3a1t94HWxQNa/5GTw8s3ix9h/njJ32ycJE3h3IKN0A9NcoRFb0N34HCj4WzNFwS/loyIPvIGPMRBPqB5Xzm/T+xulQgEWLjBQeHmK/x2unjUmAvgCZ5D/AMP5euaDl3v7Gr6/hI80cDUsmHw164sckjwxH8+BHlfOavt7fOB2qMGf+yo14+PETt5SNT8S0TyGT7AGDLqxc0Hx36MuHKHwkmYMxBdHjPyd6Qkum4YezFja93t84fVTg3Gtb3sfDH9DkunH62LLrkEl2UsO4umpBy4P9jVuu4SPFHMv/dMaoWEH+L5ApCruBfm/2vKa3+xunjyrYA5B/Xnq5dsvQ2WVfRyZ5C6hxdeX8lub+xi1X8JFgDrPPPj7wf2MFBZNS1PjazPnNr/U3Th8XmHuXkcbDbx5eMvmmIi3xY2SSRV1J4xpbwxzScEgzB5tbNH30tLOHJkpuhjRKrYXNq/sbp48rXLBwTTse/pNp70RBwZ8basvfftvo/v6hMJvADw5Z5mioKS9Dm/cJoPAHdLRP6G98DoMF9ozgi+vrKqZN1BPr8fiN6nlNd/Y3Xj2BQ5I5GurKfw0aADJFcX/jchjUgAyxEg8jUYgxp/1rne3bb+7LGcp9AYcUcyy7acrYeCJvLRhw8eE5QIcG4He6uaG27JL8wmFvragtu3LG/JbG/sYpKhwyzNFQW/E5ZIwrntrQMsoenDoMhwhUzW+5Dw/3NdRV/KSxtuK8yvlN/9nfOEWBg545LG0R+ykh0Fw5r/n8yv5G6DD0GKrmNf2QzXxGM+tdozM1uforq3b0N05BcFAzB1uwg9ri5hQ1vj1zfsvh7tmPALBxkKU3lE8aWhxrWFFT/sMZC5qX9zdOfnDQMgeaUbdqRJuATvf0/sblMOQW5n69uQMPU9mYCP7Oxm+8qL9xUsFByRwNdeX3pwj50ax5Ta/0Ny6Hoe8AmWJxQ01FNTLIv6sXtEw3DOOgCoVzUDEHOmznEIAfpoz0tbMWrHqvv/E5DH0PVQua6p+8peKV+pqy/Y/XTjvWnuB4UMBBwxz1tRVXEKCTUp2dV8/KQWiZp6qrY6clEgMpIQPzYrESQ9OKNIMUGYQUoXgq1igZYBC9gABJUAN/AAkWZIe9a4DG5YTnlL+HR4OAmM46UvvcMB+ye+p05j1DvJdJQzL3DP4dzc3fSh9chmHj7bln4+7imSmXUiApb91YNlqaUpImhBjsiNmmMXWaklg3BdphUK0T32rDJzvSVN+bTKd3dXd17ah69av7o2gDe01NIWqQx1GT/IoxTNg7BwIOCuZorC3/LxbHqWp+y/d78v726uqikpL80fgVxiOxn4kf+aypJUXH4Gcpwg86AD/oAJ0xgUaIZhITsiH+2OdnX45o+J8S88q6j0fqEBGe41tmEufafJGYuVh5WU8Itc5ZGdR+wc2PlUudHPCe5pThLdPJT9MwH5opwyzRzsPE3sSDespwr4mFJ7XxdO8Bhyc4eFps5tTNzc/ME/8TOw2x24pobv11ux1B1/F10p3QY23xeN7eNVP/tuHZaf94GnFu6E7Tt1Nr39083Vjk2w2PZtYcZBA0tcomVS1o+WNPaCGX0O/MgY3xpzSBh2bMa3k86jssiNp7leMTRww4ZpQeJxcOKo3PQqKYhMQzlrKQaMBoBGUfsT+fTZcWKVog31NdW4RlkxKjB56IpGsAsMkXXLJSvQMhZTrXANx7niPJsGQIXqg5zWuH5Txlet6xLsLaxgmU6b5vMS57lMD/Cbwaimkm4I3pKKD+M6FpbySmHtu0Zuodd+7uMtae++KV7SqtwpxztCLmot95c9W85n4NbtGvzMEcb0KNn8yYv3Jt1Hd2fPrs4tSnKy9Ck+iz+KVm4q1EhugzbU0YY3BNL35g+ZsQ7py6BOhSjJCJ84bIMAKVKvPLEKuYJ4825QiPuM8JddiNv84wigg0Q7EcnkC5dJb04C4Jlx/P7gBche2siYdBhHRCru53YevzT0YcTkaNc92gfK155eQ7/tZ86j+Xlr/4uV3Si1A9v2np8popb6PgbEFmKZOfHyjoN+ZA5/tpdLyvjOp4773wnNKifHJ+qZ73XWz4Y/AT5TvP3I8FEj1L9J21tgCF5PZITWKXodYWIJRB1Pna74APXs6NzHWQtsjgD4oyvNc2ZmFt46lLBM3HlWGVScH6gwpU/mflFcI3Vk/9509THfCozCQzF6x+4eElkz+FdLKwal7Tkig0kmvoF+ZorCmfn4bUf8xasDqUMZZqmn7xJeWTi/N19EsIagpa4PuxgCcQUWIDhH/QSGaKm180kwvcMjjG8MEboCeE50/8Zn6hJhfHRKoy3TzsWvfI5OLSZK7jWPoJqOGX5BWSxtWT7/zZhrX3r5xr3JV2vj2LythYU9bOxkNYt28YreQaDjhzYEV/mab0IWrkhfZIrbv85Pgll5VfQ6j2Y/yIQ9g9NeE5bxD7mio/FkjvZEwE6iE8kD9wAOE5CVWE6Mpw+6Ga8GytBSB0BAQRnm+Z4GUidV0IZ3KJwkHAE7xM5Ekja0cbCQlVpSZGKMDzT0JMm3zk5Et/8vhxN948543r3dm7e/Z3PjIgRgobaiuerJrfNAsOIBxQ5sAKfg8g/dSMhSubwtJ2XF4++gR98C/AgM8Tt6/U/qTuB3a+OpGuAazeJP7jcWYJp0vcD+o+o06WHKGClxC5T0/cnBxwSI/Lz1M2SCaWFycxPxDSysSsSpvRcQCyLyGULfhSlvmTyTyT1kkht5XVXsRmEKejgHAMRAU8xW/owlC8/dvBpSOmNk9e+t3yNXPXs5sXfe253XjY/XjttC+xrl7WowUHCA4Yc2DF5qGE/rBy3spHw9J2frFiXH4s72ZsuZmEOB3udjPyWgH8/QO1fcz1JinUv0Ag7jtZmFyCtsiIb1478NrCfOZ2HPBMKeJgVzsjxcHftAFVXUy8OFNTxstTF4d4o2sLkSmduvlrPp/2Yz3Il+k6jG6eeueXy1d99lUnLzY4+GTN1C+zTpyqec2fhgMAB4Q5kDHOx8OwynnNvwxL237l9JEFEPsbNlMFofZIFWs5g2t6Go3wxK9FlPaykx0I114mypbwQHonjIkCHXK3NHDvhJlcxL7hx8iZnOS6iHjydfUKnIy24NuGz9+j8WwtzhcslalrFCoA9H+0TL7r0oq1n3vX6fJlnTf1f5n2g8ba8tsq5zdfBX0Mfc4cjbXTzgCin4fq8KthaZnGKNBid2Cjl4HBfRXRIrBu82aUc8/VJJAhVsgQupiSJw7ZFKGK/EBKoTajxLKd1KBMqyrRxVBgZJmx1SaXWDeakRhgs6FgyhCOMMUGlk0uUeA4FzYmLlPaJph7nfl+xNMDKHUdc6rZZhBW3VM1Xbu3+Yw7Pou33NBK1desXIfCdswTSyaPPHfhmg+hD6FPmYNFGiR5+s+QMc4NS7v/C2UjChPxG7FlppoNpWEzecaIOJlEM5JapS1UzrZKWwBA9iYXsY+Uew6KNCHawrwK1HzErotPL5d9Qt3kkrbg3gmsi6z5RMEuaQBvV3GoyWX33/LfSN0DyNfFxOsUquk3NpQvvaqqee4m53WkpxnIIEsblkz+btXCNe9AH0GfMcfSxSfHh44tWY0VGROW9rnJk/NOO7XoF9gycwg/AYlIX4oHl7jUXanWs2CTK2PKqE0umYEsQlSbXH6EGGimgJdABBMEvL1JKj8IKK8t1ISn0psy46quQVGmp23sf34ml8xAoCwzw+m8IsG/6YVp+rMlk5csWLhmoRvJBOlqbmNd+d+W15b9vK/W+vQZcyBjvN+6Yc/4sHRso5hLTqu8ClvjSgLCbDmLTQy7FQ3+LZYy8/Xc6T5UNBD8CU8kVj/CUw3GEVkyK45W2cLAVwTCI2qGs6vrj5fI2CCVIWq6DE5uuynw4jWKy0SSgFF3LgS3n/+0E7V2tOsSQzy+cIo2sGGxtvhvi4xFLiV0d6V+wBbD4en50AfQJ8yBHH0VVu+Hcxe93B2W9uJB50zBhvkZYTPZGMiiTvXlQLrncglvH1MxHyDutVeiZhhSnHZCOQmYkcwZUchn4pglRMDJ6fnJaAxe0/F5UCnPIL8lAzJR8Xk4jOzcU3cdi/V3XhZ1C19VKqRSaSZvnkRqc1mE+eXnPtMJ0X42+8zj2A5U7p4hs7+8ekNjTfltaGJ9BTXJnz0o9BJyzhwNdRU/hLTxTNXClcvC0u796jmlxVrsB0gow9ybmv2VTa3Bpxa1hStSXSloN2eAiRBFWwCfvZ80V1z7TVLk8xP43dUVPvyfrRRWHHmfJVrbKCYpglQXX80X0DbA3XO1hXqg1ouXLVyAjtQ07dtPnnb7NbOev2K/gw4LZM16r+r/Mq2ROeuQQ8gpc7DdgWJ6bHhlBMZgUGTkXYJ1r1ZJLpeC/cB5xjvuwhiI2LiCyZUDwuvdGAhYphD4vwNuGQHTTpSEF8GUkcvkTRtH8WTLRCECJ5qAkcuUpwGRC4rjCaQXc1sEF1i3LmoPNhU+p/Scs8zM0Jxjy1ageiuJkn7/VyqGF+oJpjXyhQdeauKeyV/Jvi9QLkcpboZWIkFdC6qCuNfix+PKF/K08gjqknSzFcYaOEoFLp17pR4xF9LZdcyg7y9B/M0osV0AZKFCFOm8Gk/ES1SVojkqg9gGmWajUvtl8rSF3ECUhYtWjVu6fOoHczv4HJHuYsgg6zvbt0/MVfC4nDHH9DHTbqfdybOipGXrMVLXT78cK273ZHGE4Jw6Ih4kAnXMK3dwkLvnNCQ7lRxhj7Zwj95uzDCNQmxkPM624giuBMxI5qy1BUDvTC5Zo0jaAiQ8/LSF1bb+eEXt5fLVFhA8N86+dwI5In0e0tB93vUg9EuJgmFswdyPIQeQE+ZoqCu/EDF/ruq61W9ESb99XnkRAe1qrHie56GzPM/1OTgGcZ45NozzWDihGcka+LHsDwEhTORcEw2orgPRscmIzla9AdHwWDgA7cNigPx8IIkEAPvF49iyeRmcGHOwjPLiHNPbZInflyZTrlZyV9+5tbbPXa1lv2u3A0nEuXQW1kZ3Gij+IJkGI8nOU0BTeL6/G4x9XZDe34XX2LhpTMvmwNrnVJDUvGnDMRH3RZTHbE0umQl9jlzZhWhKz2sYf+sjeNnJkw7bkq2htuLsxrryGbnYnq3XzPHwksmFRVriN5Xzm46N+s6govhZ2ISnuyKBFz2yplC0TlDL8UeRQaSvzpGUauKhCQOKgIw5ErTRY0AbMQJg6HAgQwYDGYy/gQOBDCjEFuz3xZRZAzUMMPZ2QHrXfkjv3AeprXsg+eEuSG7eDd3vt0L3+h1AnYnjngE8wl1Qrq09i4YzBYaZXO6JqCLA+S6O2svkOTsxJG8iHl+W61Y1v4ltg/DMsrryObPnNe/sYROZ0Osvi4zxz66UMTtqehb44JxTtcutK7sVBG1hU7PTU2WvaVabXABCg5pHjsE8Drp37MF5hWoaaEOGA4wdB+T4SUAmnQRk5CggTAvk5R2STOAHBOuqDxpg/uCo4dZNZi6hdqFdaUjvbYfO1z+EjrXvQecbW6B74y4AvK82uYhLvL7mE4jfwPyfrckljDGRGNH1zy7WFr/Kj3s40LqXTh86kDDGOaY37dSrL15fU34B4tyUzUYlUyZpo7GW08zay2aTc8mbTfwD2ZRiR2dCoh+DuU6CNIBHLFMJBg5CK/Yk0KZUADnqGCDDR1hm0ccNGPHlxcyfVpSAvFGlUFx5AqRa26Drra3Q1vg6tD+/HlI727lZCRl/zTFHuewUxC/PKrPTgppBPCYXd42O+czKyeNZEAbPFtAsaFxDXcXKJ5dUHN+bLe96zBxLlkzOm6gnllTOaxqZzXt5ecZR6JFPNC+IIoFL5MQ7t0qzVbrjkLt5BDOYcgykdAiQyjlAzq42tYXbL3oYMoDtHRs+0PwNKJsI3Rt2wN7HXoI9j70K6T0dynlt/qP/4I7kA/ecgZqJbFOY+7QSg0wqJPGjQMEcDKrmNX0Rzav3b1s84firFr3bqUoTBj1mjqO1xOUGNX6U7XuoDs/BpkqI/oLcyk5iEPWy6l6gP8LpZieDUvQXzr0YyOxPARQPPMwUUQGbKX7kEBh6TSUMuuRM2HnnM7D30Zch3ZHy+G0uYZvcAoLJ5VC4ysfzrs+RAz/w6JABaUqm4+lKP5SRPn8ydsyouXh6e0+q3CPmqF9Sdrqma2WV81q+ku27RKPlHsfb8SuCumj5EXPVhETnnp82isWBnDYV4NNfQDv7WCd+22HIFrCdY8OKYdh1lTBg8lGw47YW6HhjKxBD7p1Sm1z8dUaGiQu+lNoCuHfsb42fsAr9jl+p/A4G1fNbalB7bHj8xuPu6cnYR4+Yg+jaLe3dbZGdcAd2Xze5pKR00HiLARRmk8qv4FWD7JCrHHcVg7Hu1Uu/BDDzQqvr9TD0GkieDgOmToD4uCGwva4J2upfBxYL0WUQyMbkUjvogkMOAIqZvkfPPvXooXi2zQ/PFE1fll847Od4+s1s65g1c9QvmValadpj5133oifeUBgMGFiIxj2UhLQA50SD9Iw7ms9U5pjkxQ1FB3vetwBOnXzYhOoDyBtZAiO/90lIjBkMO/7xjDW+AhwB21dKk8sEqiB+xwSjnAZR5QgleXHCeqR8mWPm/JWrGmsrvv/ELWXjs93hNmvm0HT9L/vSXadm+575Lskbg3Xy7uNHpKOsV80jZzapJiTK2oKlHT0e4OqvAxx/6mHG6ENASwIGf/4s0IsS0PrXFki12ZOxOUNAaXIR0R0EIY3a5JJGzAemNXo0ngZugdfdnbw+0YOp7Vkxx4q68jk6hVvtbXWzBhIDFONQIN31+hUmkdvNI3fR+vkVMoMNHg7wpW8AHHdK7hgjnUI9nXaPlB2ZaZhKAu1Ek7ajA2gXEkZXlzUvi418s2jQZtoMR1vf2saJ5YfEZT6307hzm/DSGj3PSFrzGaZjYxIZDxesOrLxGEZMJlUiCcbxmnXNJuJoWsZBG1gIWhH+BuSjdx3D7xEzzSMznda7NmL5lHzqVBOl7bf82xyld/wFEIgdfMdAwJMm1OSKI1kcFYYbm9reUFf+Fv7OqprX/EzUOmXFHNiMf25to5OyeUcATR9pDhkZsgYI8CuCxkD8HPcY+hjzvt17xkgjUW/eCHT9B+YRtm8Huncv0LY2oLv34HGfxRTJpImDNcXD6cnnr4lw7d6jkHnmm4bLz70W87DONelazo8rS4uBPqgISGkx6ENKIDZqKOSNGw7xiaMh76gRyDR6j5qLMcggZBBjXyc66qtMuWB9siwDwamO0juu9UzIkVFwM9Ldi3Q98RSefiJqfSIzx4qa8pm6Rm6zd+XpERBCx2TvV6ieKXwV54TNX7roKoCTe+hjbNkE9PVXgb70HNCXXwTYt8+U6qZk54gZbEIlLiHyjg9frmL2bqZBJH/JN8iNgKI65pS82Mq+5xIelwcyfXoHMvmONki+bcUooJo1b4wMHACFU4+D/MnHQuKkcaAPlBR9CDAGGfyFqdC1fhc66W+AEyVerFKGyn1j75rPxRsyGVgy0YjEHDMWrtnTWFdxP6PjqFutRWYOncBvO9vTFVHTK0GDI0Rt4eNX8CB30cp+hZUvuD1gjCkqL8yOMZh5tBG1Q/1jAGtXAW3dbpk7DGzJa4ZUcqQVh1r4Qh9uYQ/JfHPVO2Zas4zg9d1mSpphO/+1I8GSmm9tkrZMP9qahLaHn4F9y1+E2NhhUHzhWTBg2nGgDYrey0diGgybXw7Jjbug842tvrLPmcIfplFcOSnX0yrtiKh4te6lv8pmWkkk5mhcUjaFamTFnOtX7o2KiBroIJFoJcIPmlvlGRXn3ndOi0vR5boCoLAoOkrdnQD/+ifA8ocAdu00MyK26eJ8QGfiYjTCE1e5SVha12FmhQ+xZxSqOrSPSHiZpg0KIOFLeGguJt/cBDt+9yDsrx8PpVdVQ2LSkbIS84W8UYNgyFXTYPPih9EHSyl8CbsWksbwm3YCXPtLMjURDSNrWkljbcWtjTUV51YuaHoiLH00zaFr/wNJOi8qEr5AtMEezSCKAS81qO7JH8i5V/1pgHGRJwcDfLgB4OZfArzxijllW+wu5O06twIcqlI9uPR+684zn1h8K8zkymgHjinc5iBCRoELpiTTxmNyebgY/4w0dD7/Lmx5bROUXl0NxRefFdknGXDmeCg5bxLsvv8FqV5BIUv54vlpJ0TKwm2crEZzk7v335BXOoBteXF8WNpQ5mhYMvlooifaqq5t3hSWNhQIeFcJOnOoXHMpkzh0DpXzgFFJ6TCA6Z+KPvK9/h2Amt8AvLUOMpTLx+L1mjYAKm3hXRcCnjQ+JleAdhA1SngkE1Fb+MTs4o7quihMLqcM1CS76pZDurMbBl1WBiThXYojA4mj//HZs6Bt+WuQbuv2aItgc4rTFgF4AmTHHLO+9fx+1B73NtaUT69c0PxUUNpwzaHFv5FKpX6RDQL+eUGhENbTgaCpH0Q6qhiESbKKC1BUeYdQlLB3N8AdfwZ4Z12G6Vzq9y6UktW5hbIUUga8hCdrDHmVG3BlgHStzE9qAaVCtc26DJ5BJpx/4DvZ5DIZuTsFe+9sAr24AAZeODlS92/esGIYOPtE2IXaw5liwldCKBMy2pHY3yPM5DIoyXoeUGdHxw35hQX342mgDx3IHPZCptkzr1l1fbYIKIHYIlAmcOdelLlV5jPp/ZIhAFNmQjQnHN978O8Ar70gMqOgwTI9PyKDUM6UkfvfCUd4nMEgM1GAyQWu1pKY0lYxmWseL3+TC4DrCeI0m3XNcQmHu4OXbHIRW7NS1By7b2uE+PjhkH/q+PDmxnYddMGpsK/hDUjuauc6EhymkwODSyaXWxfV3C2zhln3O8+5fu32hrqKtxtrpk6qXLDqVb90gcyBjHEFYvbjbAsPBFkD8GJSJTp5RpLFqQMnTQEYErHT4v030VZE59tZ6sbzmSCSwyOZ8O/I6IpGgbcJZO1ApQR+oX28OXpjAatKFQlQ1HikqBD0kUOsJbfoPKe27EIzqN3T7M6JsXc/7FryJBzxf1cDyQ83r+Ljh0DBKaMh+dSb3rpkOB54gRNUF751HXGbLaSp8cuYprP15lf6pQk2qwj8d+uGvRN6UrhPft4bflM/GPBdtH5xc/MSAKeeHU1rsJ6pJ5ZiyySt9J4Zv5IRI/d3gpdIZZNLrS3UZoqbn9wjxhXEvxPUXQvStXfyH3GZ3gFtUBEUTD8NCmdMBm1oielHMNPJaN0D7c3rYP8Tz0J6Z5vS5Op6YyPsb3gJiuacHt72+Ly4+gTY1/w2GCnLiRRXEtLwuvDaQlwX0qPp1SyEaGNdxfHL6soH+y2n9WUOOzr6A1GiFkYGT6A2G4h0lLWFeVTLEBh5JMCoo6KVv3UjwCurpXIABCqUyudj8dopPYTHE6urhAQzBbwS0RZ7LhNxtKt6R8lEHiazz33w4q+1YaVQcv1lkDhrkkdo6YOLoWTiaCiYdgK0/vSfkN66S4lX26NrMc3x1nLbEEhMHA55o0qge/0ucE0kEPHy1EUoUx0IjvSQOcDKpz5GDTbj42nVc1/moES/jlIjx3tBc1SWKUj8esIz8DelnHvjTwQYODha8c80ALS3iQoiLH/KfyzedCECq4oaRXwisrV3CwIxF+fMr0tWKtsTHkisSAYvbi4saohB/3kFxE8OGAtD6osfPxaG/uBz0Prjv0Fqx34BL3bW9fom6HzuHRhQfYp/Pjaw1YT5xx6BzGGNJWXaNmD2rtBwssnl+kk9Zw5q/E4j+t14Ol2Js+qmHSH9/Kr5LQt7WrASiPOPBt9zHqjWkZtAMxMSj4k445YxxevPo6tWAQAAIABJREFUiUwQpJWEsKT+2x2EagvIZO0ZMfd7x5Wgto8DXG+SQtll8PKOmLv1dN8nUFB5OsQnRbOW48eNgcLZZ0LbnY1mHg7zmb1JiNT+xleg8JyTzFHxIGAzdwtPOxLalr8aYI5KbSEd+TZ3mhXx6DFzVM9v2dpYV77Rb625kjmGjin5JB7+r6eF+kKY2aRaM+43BmIyiA4wZmK0sj/8AGDnVo6ROAbjZ/x6EHa+ltyDFTBiDj0zufhr8ITClI4qJgqYduIQnlYQh0TFJ6KPB2FBheWTYP8jq8Fo6xBMHXaSfHszJDduR6d7RGhW+SeOMtvaXTUo4GnrvbC24b6S/UavlnTi+415xDgDuA1yHFCbVQSu6e5KXtebQn3ydTASa626p6IkHtjz4WMACiOObax/C2D/ngweYgsHmFUS9UumTSarnplccqHuu/JCH0GeyCaXT55CCCLLlCGF+RA7ahRkA/rQgRA7ohS6kTnkHabSO/dCN5pXUZhDH1JkLo5KbtrNYcszNslUQVC5APy6c8l/69165yR9FPK0Ojz7h/zIwxwP/vrE4oFDBo9jc+B7VagKiHRUOeieiIfOC5JUZy00coI1CzcKvG+PhKuimwgaDUCwWSSzz3HQrXO1tnDeC538J+XhZ3LxVc5KWyjuMfNHy488Hckqy1wTEpOY0j6mDeh84V2r1yoEtLhuLqtNbt4lags+P5+jx+RyrnvhczBgMz8aayuOYmN68jolD3MUDx7E9npe0psCfYFnCkcvB/kVRL7PpWV5sLENPbyf3XyPaQ5ZUAeNzCuZ1H7NplBVPFlVb5KvicAWJ+UXAokjsQ4qBTJkCF4XoHQvNPM32jsBOjrBaN0Jxu69QLuSAGz9CAvvCV4/SGnCgTiuAakUGPs7QC8qjNBudut1dVu4+JTZ9cr71qKuEFONMVl81CBod/PI6FyVsMhc+5tc0FvNYSJgfL9ISyzAsz/wt71mFSFfTBqprBejRwMFM/AEGnX5KwPmbwwaDhkfIgCYM76nNVOWA6oZv07ZfDpXe0DmPpUNGmm/De41QfozAho7DrQTTwLt+BNAGzceyNChAAOCu0Ppvv1At++A9AcbIL3uTUi9+jqkN3wIftu+ZUbIM8xvTnbe3w6p9zeBPmJIeLvZkG7dA+ltO0WTitj1ZXnu2Q/JLbsgb1RInqitWbA4Ymvt8K5n4mEiwQ10rnsJSTCeixFyBYQxByI0s2XTMx/M6n2ZXnCIUfawPDoTAnwC+wYL6Dwo3M41YesGMEfEffNXMG2kLmZqMpyjLfj8MkVYabQjRgI55XTQplcDOWqCtaQ1i/BApGiA+dOOOhLyzplmLsFNb9gE3fVNkFzzIhhbt9sMnpk86XBlxngBU/N0PtEMicknRSsf82hf9gzQ/R12TryQsM8RF7ZoKpQ5gHXpFrNgnkC7DREvN08HY3CfUu6e0K5i4h4D28K5sa5iMuul5cf1BOZoqKs4BxvjxkWLDGUcoF5DoM9hVzu0B8kGXbPmVEWBXVuZ6rSK6GHUROEBd08luV1eZ2WNHANa5WwgUyuAIIPkJF4WyyMRB/2Yo6DgqHGQOG8mdLesge7lzWB8uI2fzq2UyslnX4Wufz8LibPPtNoxADqbX4bOp18Ep+9MOUnRSEPyA98AIALopUVAdL9drcTZx8CXASqTi/hRR9aA2NxaOqa4DE8bnXsCc2CZMyglT+aoPC+4TGHXLsyvUBGt80BHs2pApH1yAPbuzGgOFT6BPgfxCUsqmVeSrQ+F6DtMnw3axZeb0dn7DJC4tTEjIf8zn4L49GnQufQR6G5YiVRtCUDlRMZUEvYvWWrey/djEJSP3S+8BXtvuheMfe0gmI0KRW+OoqfSoWs99NIBJnOIvXE+eEqkIJqsXNC4HABJ04c1jbA9zxude7JZdX5Hqu2GHJWnwMA+egxzDpTP7Bv8MyY9CyJ047KvuHcHiJ4xqM2mKGFJXRx5CpHWiU86BbQrrgUyMXQ9TU5BGzEMCr96NSSqy6H91rsgtS6zRbcr+W30jV17YN9vb4Oup56F/NnlEBs/ytxSgXZ0oU+yGTqfes7UGGx/D7FrWjSDnPxSW3eaHQUQxhwlBa4L7RF7nvUqqg1QOZOLuLKp1/DU5lVrp48tY9upfcO55zLHbYsn5I8bM3JIT4K1RQZZUqtGph0HW2XO8BMFWQ9PlG5ctjtL227w9EyptFKUsKR++LOvlJ8PMH0OkM/Os+Lw9hPox0+Eoh98DTpuuwe6n1oNRpcVHcWdTezgn0pB9+qXIPniG6iFC80ACzRF0WnvNHuoqOEdW+CvGTjT2pnTzsIIkZBVq1p+3AoHBApzFESNEcXkypXqQFcihX7H8w23lI92Fva5zDF21BEnYo0fy01RPhCZQMF/kqIDBUUQqWXQhDAH/5yyPOtDFGYT71cI2gtE/Hm/iIUZveRKgDmfthi3P4GhX1IMBddeAdoRw6HznkdRI3QKXcsMXMJj3cNohpkuMhf6B7j0KgbJOMnIULv3WbG0wgBNUm1Awtw0R2mOgkgRXnPKw0C5sqwYu74GeTAaT0Xm0HQyGSuunJ2YM/AjUD+/ImgMpCBiEIU0frD2PeomDNJg2Wz5XICMMf+bAGXVB1WAarY+I//ST4I2ZBC033S7uVDJS3i52fKZ9WbRdmSyCH0kekEepALKDNvyWdYouQJ0sx7WNcKmTpmB31zmwEIqUgb8NGclqSDQ51D4FTLR8s+ijoyzXqruDrVfofQl+CJl0alIxyKdfOlrBx1juKDrEK8qAzYFqf2mv4OBPoUYmIFydrwD3tV4fDNkrkUHPbVjrxnOJxTivKvLqQDKDVgK/kWmrMw1F8EkR5DsNJ7RC7Tf4ulidu1iiWhcPmth0xdzVpIKBEkNas2gNGfse3wPUmTmYBtHdnpNuTCfxi8sqYs/NUez4ZIrescYnShx9+1D0w/Nkq1bzYiKLJyoWXgigeZRCcDwEegsF5njHGxjzqwBcYtPnwJG6w7ouOthc7VflEmKsknjAG/a8HKMrRCMhA76HMqp9h6HXDK5pOtcOuQMWOgp9DvciJ4mc7DVUOgmveD/Wo6A+Bx5iDq3KhbRrmdDNsku0U9wGKy3YUnPng0w+9PWaH2WQHftBPp0PdB1r4DxwfsArWyTyjRYspDY1Gefs27rocPN0XTtpJNAP/tsIIMidmM7gHkkPjUb0h9uh+4nm8KnnZiEl92Wz7QtWghlLa5lHHLILPgC8DJqFJMrl4B5tjx+4xnD2DpzkzliRnoo1WLvhL3Ya/B4VwpTiidEr7bPPI66bx9redOssr+kgA/3deX8g0wpdjzuVIC586xlutnAm+uAPvEQGC1Ps/DfGeeXOqFFnWI4XFk0wq1bIL1lK6RWPwPkH3eAXl4OsTnngjYx+p6QJD8BhVfPBWPDh5B8nf/c8liN2uRy8BJMLu6ZsTdifHEhrI86P+dZJn9pjlgOfQ2xSLo6XljAGtViDiCxU1DCBoZxzwkQyWzyjTBCwnuQokrrFGoNI2m/A1IXrZOZxIy+Xcy2eZUoRCP0WoCiLLpr9+wCuuwhoI8/ALB3j5foFGaKb8ypzk5I1TdAeu3zEDv/PIidOwvIwGhT91m6gi/NhfSi34HBHHS7mlbe3uAL2Sz/ZfO2ooBpVnGudLC2IG4ElsBZ0DkDo55QfTqerDSZAy2MyWkDHsp5OSrwnSoegUD5qR9RQ+Z3d4rleHwarvwoWz4zvMrRnJpwQrTyGWzdDPD3mwFWN2OWBrBZ1pFs/QBCNPPZvQuSd/wTjPfeg7yrvgjaiAgj8ZhJbNJxED9nCnQ9+XRGDjuLqxTmk3dBlyKABHvYEW1nMZKnCUES1OYTh5P9ng8T5VSFkDRsQmfjYnZuMgcWdhbR4Le5LEQJvOT2mCwKUSlTiyezCMAijQCoKY4HhaLyUgX+RoxBz+1z0cpmwEKO/nYRwPvvcDg7hoFiwZRgXmYeiuhzyCKTpJpXgrF1G+R/+xtARkYLUZT/mfMh+dJrYGxpzZQtVN4tQGp+/orXftQaL4kM/GoOJxMq1V1arCW9r0C219ButK8vhGJzcUrMzv2IHd1t0boaegO2ee2hdiIdeZAddNMkIqET5lxIJRX5+2iloCW5Ju5Ma8wBGBJxrtSObQB//F+ADe/aSsu7vlttPoljD1E0ivHOu9B1wx8h8d1vAxlcGooam2qSqC6DjjseCJDcVlpXWwBkerkUpo25cU8koJxDztdFjAoJAXiJJlfugM0QaayrOI2dxzRNI/U1ZePmfvnlfbktRgEucwAIfkVPepCiLh1m2wv4MZifX6FqcHZv+GiA08+OVm4Hypp76gDeezPzvjRJ0a6VOi4TqJkIhGueiQxIv/4GJO+6B+JXXwlQENLlixnknX0WdK9ogvTWVl8GyUy/D15cZdalOwnONP7Aot2ac03DH3nz0bdMu+a5dzoYvPjA708fFHv4zycPwvx9QyLmFFjNIm2ZDJkW51/mHfeoEsMJ4GaCxGCyBgmbW3XSWQBDI66/Xv0UunQrRDxtJnWX2iosmSDpnXGZ/GPcpuobQTvxBIhND2difdQIyDttEhiPN/pIZnC1Fo8mVRzNM9arZhhsr/nggglvKCkWa2WaQzCelG3Tw4iHwUBfKywsPCJWAPnD8WO9lfsCFBDFr1C1joKHIosMj88h5e/cELJTfC02yDdlVrTBvtYtAI/cYTOmg65YCesDU25UGMA7Bsz5Im4aKR/XObbvJrsgufQ+0E8+Kdy8QiLOQ9Oqa1mjaEoKph+VrolbmBj/l5qdBGY+EToSMw65IxU4k81tLsLVW3qfY6qcA4V3dEiPjEE8bwRW7IM+KMILvFkl3wf5md0kfj1IkTVHSjTllEzloy2ctKzskUfhb3y0MluetBhE1ho8/s40d59RYXBKdwlRrS2cagk++oebIfV0E+RddGEoqvqE8aChBjE2ZnZgAhB5OZLJxXBgA640AncQq3aeiYwCE4rXMg59C2QPMnwxOuR0BJa5sc/LM8sENYHKq/NUBOpcAkc9UcCQfQ6OQFX48Ue+/ImnoIcWIZgDG+V++jFrqrxcVxl/xUKpDOHxrwQHghPRx7SpFKSfXAF5n7oAQu3/vDyInXgcdG/aopwdC6AmThlPM72pOSJ8G0pB6AbmrF2e6ZQml0Kp5xpQYK1HDMbG8N8wxG57H5ShBodAnGopXAtfs4qnjp42iyyeHQhaMx6LA0yYFM2kWrcWYMcWbx5Kkw4EkS+G+fSaNvzDDFGJWxs4iYxNG8FY9xpok04MxlfXkDkmQrKhCZnKsF/no6dkkPVaplL8LHN6brbfRbVOXBoFV5hcmX08cu9zEAO2YcafYF25w1DGvZnrAtSlyhc0Yg8SKLRF1DahGXMuUoQRRTlsgmGUYNVMW7zyTKZMvhxV3Z0ryUH3lQtKk0sybRw+Qimefu450zkP0x76+LHm1BK6r907o0dh6gjNJkj+aMxhkTXfXUs8TOnRDpJwEMdAcgtpIO06gaIYNmopCsReboQZEVRrI3jCURGo80ye+hHVtDIDKwQxGOdX+E1diecDlEaIdNLRDrDhHQXfEh+TEdzyrWlMIVungUgMTnP5jYGwsQ/a0eHGwfIDbdhQc+0HYeF/7Dzl6ePBYyAS84QBfhPRIafCykK3DJDrpp6kmGugxNiHOZei5iADUMp05r4IBRBVbUjw3CpVADizIbNoFeU4B1e+LLJls61ksBl8LRQ69wNs36QOyuDBXyo/aAwEHOLMbv9B5phDOzJsCHOwVYNs/3HYsTNj2ARMH+etLZ6Jogss65/Kd1JZ0JkxIDHSOqc4cwopoG0x0IazCEIlSUIiTqfMAahscfk571eoWyoLkGStn18h2zA8lEZYwMOAaY62XZl6RM2fe+YSntIXocK1Y06JkMmc7txpTlKMAtqQUjDe2yCU46kIAdH295B1NBDCNQi9bwSELCXnU2ScnPOEC6hDk1hOIoZfIoGOWKrPSuJBZTa5PUiQxVruLBjEiVclmDMB5YjIWmmjaA0G+3ZDJgSQyjwUTanMMy6tpwcrU98o2kKQLalulIFtkZqKBZhWLjYC8PQm+ZtcKs73AvOH+JV9/nXJaAs/P4hkKSqjQIqQZBxgAIsOHCNGOsLK+ByA35pxIh15cO55HPeoQBX5KxgkaG5VoiBaUV2dUh04ZgjqePAdA5Ektcrk4qSuyuQycYoALHKK0r8AsbWcsRneEnXxYr15EXr0PA65py7ea1k4eK5zCHq6O031RB5zyJuMuNYXZahBJlDZbOKry7cSgPi1si3T857K4JW/UJblORpKwJ/PX5Gv8Iynfq9ZlUnOCxbi2vDetNl+VqedSebUZBgpfpSbP29y2TtlRFlKQAE8I+QK8DO5eIbpC+5IdsUoGgt5bJyjQus2bs99EQrwtIOfOWPfC+pBikywxMt0DgQtyeWfdUfsr2AahscrNGoiQFAQ6/DtDtQ7OQmuWSLiSsXODhDselcmectQmDZWuag1SBTmMJNQCNjnL1SeCPK0LwBtP/Q5IEW1sJliOQK/0XHlTFxOW6jezVaa+60uNIFK+UlldUXsrygqsQJcm1aqzMwBYi6gLkKYfvcYbnKZN2PoWhZHWyFIO9pBHNQDwdZ38PSfzkGsMJ8RA004mi3InAK7DGcQSMWUfWFZdaW7tHxSmEKfg3aRPBK85XKuQDAyQS0e+MSqSYq86o9aaKDZpipberY34gSCAnTcS0oBdrVmkb9Ce3pG3mgmrfuyUzu1yWWmZBMPo0Yr2bHTI5MsJqOSKeNnclFL0EX5LoSvA28uiVNKnEazzCsivM8LhlxDcV5cx7zRuALSHjdSByZEn0PgkYK6gU/NOcMzUpnEXyv4aSX3HljE0bbT0h6JkF6r/AHWVmy7W0EwGd3yFZpKZnoGin1D5EFCTqB6bHCHYbSRI4EUhm+DTPfsBdq2FwCoV1tw2MlH2eQKi5Pr5mcm9u7oJLYEEdPIJldGfuRcc3QnCFsNsyeGBexNGRCxO6aXIBCJinB8TBHB5BJeilamJ7nEYKrtDnifI4U+x+5tACPGB5fFmGPM0QBv2VGOokRNjBr10WeSoqNgwb3O2PFkAuJSEP5paet2M1aW270qNQ/frSxPFRdMrojMYaHpXYtiVTOjLexqRzC5cgt5SSMOcX1/DKXRHqJrEWNr9hJUEjxKF6eZ3Eeyh5ZJMgwSFtbTj0BZULit74UzB7O3TzwL4Kn7OP8mgqYLEhA93fIZb2qnnRGpnYwP1tuDher9CKNu+UzyomoO60XvUlurIlHGc3iTK+egxwaggNkVwwbfRog2NPclKIA3mVV2Af/lhXTgJa6sfA5J5DigzJ+zK5xnbB36+lcBTp4Ooctzjz0dYOhIgO2bo/sVQXjxOJkHbsdZ/qmbnU1mo0YBOfGkYFwZpNPm7F1rUZhNcOA3Cg5S2dKM2siag89PiC8imVpEeMfH5Mo5dxDNGAREb40RTduPCIYbpjkp1T4GRVJ37G2PtJWkalTeYNLcTysETUiU/YX3X7GYJCyIGytv6icBHv0rmKPlbh4q/BVMozK5ZK1qM7qfDKGxGGgz50TrOUomga57FVxJHqAtzLJ8Ta4szConX/dCsZNTFiZXzoHoQzD3rTFK01tQj5zSF2V4C1XdU5kydmKeQGW7PKrmYMHf/MwWnlnDtnze9j7+PgAYfWx4mWfOAHjmCTTFNkr5c+UHjYHwKpbwtzjZGTAGoo0YCdrZleF4MrTeexeMDzdLhNizLZ9D145z76umqoDEEOKYh1eP+VFOb0EDOgIZcUuMGmQL0s8FfVCGF5wPHNRFqzJ1hHvSlwoDgTkU+Tv2a9ACAvMUqfvF5QCjjgk3rdj09pmfA7jnBoBunzXs8j0eVDgq2sI6iG1BULORS7HswREsZWZSNTYCi1ziBppzC3FQlE04x+QSJ0Oa3yU/yrbXIojRFYkou4RPLY+JkD7jDsx7rAHG8pjR3bVFKyiIHnC1t2BKjQCzSZDmUu15aRu4sw0HMnM4Gido9ya/kfm31gBMuQhgyOjwck89B+A9NFdWPeqNmhhps04ApVZ17ikddCTZ6TOBTCkPx4+9hxoj/cLzdraKjTAlQgWnDLNM6rhAmXcS0eMXZ7YZUMsB3t0KMbly73NQOkFLpj+M7W7tbh06tiBkLWWOgDdVZCKx0IrYgwSWJI8CbMSaZw7f9SFSWSoC3YVO9mtNABWXh5fLZvJ+8iqAze+gM/+mZDr5lQ3gEr7LpHZamcE4QWKZWCj5jzkeyGeutFYuhgG+YzQ/jabiVl9TJmjyn4qgSeTg3ubsSsmQENdrBCpaj8mVYyDk+L1dya0xtu9yY11FxAULvS1UcSNobpWKaF2I2CymQ+7TjIKWkspSbfnMvsjzywBOrgYoidBkJWjafPG/AG79H4BNUhD7CHOrMjj6tBN3j4w/GuBr349mTrEStm6F9FP14KhP2Zp0TBdeo5jvyQzCX+dHZA6Dn7IuRjn0Y1KzbJeJBE3XF/xxykVfe263NW2EwoplN00ZO/vLqzf0QUEZUPoQUhq5dfiXBXGRreZw7QK17aDU6RLeDHZuAmi+G+C8r0Yrf9gYgHk/BnjwFoCXWqz9QoLyB/C2j0shCvzZbzKacFdcBzB8ZDScEIz7sA5bt7iEyaMiTSb32P4iJ4HNpzT6JEczMz7oqVMw1xC2zZb5HDxOquvcwJIlk/Mm6nFz/o8zp+qVeFw/Eo99zBxOyD/n2vkX0d7mB8Qim1UJUQM50jZoSW5QWFJW7gtPok8x0+658qhDL7AoiZ/5BqafCPDvf1m727r5B/gVqqyde2ySX3EpwLmXAMy4AM8HheNh4o/k+PqrYDzdAFbEdwKyo+vRFqDmVdHkItF9DiPt1Rbg1UqhJpd5ndtRwCONvNHYtqvYub0/B0XPUTsOz5pzWZAHnBoHTZ0I3U3WTmsko5WZly8SmcNgLj6gZsSgMZBkO8CyGoDLfwRQGHGPjiIk3nOvADjudICnH0QG+zdAdxcoBURYWFJWp7MqAWZeBHB0FlshMNi7B9J/rwXS3QH8IJtyWwFJqNvC3JeJSDxib1Xa8jmAa2IVg2RjcuUK4jF6IuafYQ4s5DX8//ncFqMAP5MlyGzgX+CfGRHD3eflZ8qR8xBMO7nV+WfSPQYfvAjQcBsS/LVWXKuoMP5E63fRNQBrlgO8/TL6I++iubbNmuoutI9NKZq17RmMmQAw8VSAshlW0IdsoasTjH/UAryxji8B+KW4INj1osmVeQPANbnAQZma4X0iQXc3VypP3bwm8W6RKQIVFXuOgBB9ctqgppIwmWN/uvvdIj1xVo7LUZQM6jXjPelBSkfUHBpKs1jMCgvq5sGVI+MnlM2Vr+pBYuMepUcATL0Est4XcCAS94zPAFRcCNDeZv22fwiwb4+98AisxVNM4wxDX6KwGGBAUfQluzKwIM+P3Ae0qQFcuSxrC8jwplpSqx1096WIZhVNdotlcp9D3obAxQFAGOw001KHPXMHmOd4QyP3snOTOTqXr91VdG7Z8TktRQUy8QX144cSaMS9IMydZxNWWFBV2bz4yTYsaRKJ+N93IAEPBThpeuSFPgIwYme/UtQMo4/O/v0oYKBv0VQP9P5/mqsaLYLy2cmJIzwHgkwu4N4hUR1yZA71CLkkCGVFLplclpWZzYhwOGAdz0i3G+vZuckcc+8y0o11Fc8u/9MZo2Z+de3mXBYmlRxusnhFCd96mbzSUUNtaZZp1d3uNZtkU8oPVyWOYFFF136AR35v3WMMEnXfkAMFzFRrQg23BHHs7AJ3w5cIa9Q9o+CetFJvUlSHvDuj9cXPLjMM4YqWzbDcB+d58NcnFhcPGUzYlsvs2l0BSKlxfyw/wTZ1uCvHZWaAqMwZhSklSHMQHXTnWXfEvXaYuZOPJkn7TnX+vFbqaVhSthDq4d9bKwanXJydD9KXwCKPPIam1H3/wPMOkbAFKSxrA7Vpw8BNY1vGbm9STAMSi7igdP9+cEfIAfzHTbhrcBhVmqSYSw4ZUDr4eMyu3rnmmAPeR7PiE7krSgGmz0G83aSqRUFhPUgsSGMa1bMeQohazGIOvmwHFwExKjKPrE6CoiaaQRiQQZ66HWDXFoDqq6P3YvUJUGvH2n8uMbUGMddqkADC87p8Xn/DBsm0cZmIjY5HCK7AIsDTDnHtCA9+DCJYW6LJlTOzSif0LMysybnOsHq38QxJxBbh2c9zVZgHVPa+8DAqgdqUybpUw5hD1zPM4ZYNorbqzZbP/AlbFLXmYYBtaLLOXgAwpu/dOCW8+SrAHbcAvPFyRhD5rCSknMpQEJ7vdA7Z2jS3WYvQKUHbO6xxDl+HnDfd1Fs+yxZxzoCQaqM7+R3n0mWO6q+s2oF+x6Anf3PagFnfer5vN88M8ivkBUC+O5bgjSSaVvkhg18sdkT+wPCv6+tzcPJJRTFyHuz4wUsAf/2uNVB49uUAgyJusNkrwMK3o9Z66A6AZvQxOjoy9XCTeH0HixOIxDB8exO3bnL1eXFOigqjbWK6D0nLiUJp55FhSq5BhWuJUSS8cggXzbhu9aXOhWAkYoXvzCstnIqnK3JapAN+A3tEcfSbyeo+w3+duwGKx4SUyTRHifWekL9CK/UkLKmAN0dFrCfr2UcA3n0e4LTZAJPQnSsd2bMerSBg2x5s2wzwTCMaBE9Ye56nDTWe7IpSj7YAUPQ3+Jg2vhqlZKDVZR6G7p69QBBnb5jP4ODVoCoz83qv4YlbysYn8rSH+XtCbbDwNfj/TOgr5mC1UTm+nkl+AKGOO1tl17kjWrkDhtlEaUScKq7II2hHWtUkRfOACXdsBHjyVoC1jwMcMxkZZaa1Fp3tEtXTni02PyuF/tbGdwFWPgnw0jPIIB/6+FP8DZshaO63fNZKSyM55HTHLvx0GbMqo7Uiql2IAAAfxUlEQVQi7FZrJvd2K+cCEnmkDDN8lL8n1KZyXtMjaFrdh6e/zE2RMsjiBxQiiTuC4p77DJmjIyJzDBxpOeZsbETOn5c/sinlAOXS8ad8MpXY5TPYgRK99V8Aqx8EGDYOYPzJAOMmARwx3jK78kNiXLSjCblzK8Dm9wDeegX9CjTdPvzAYgjP5EkF/sItPhYvAJXr5TSOFQ9IEiF8vTizZ+SISJqDbtsOJJ3iUFLnl8Ez2OTKleZAOD9pwP/yN7y1ofTehpunHFd13eo3clRoBvwWMPHS1gXpnivpwbrPCKKj1bZfQyRwyVjLMU/7GakyMXPluzgCKB30sB4w/tIUvYYVyWQL/tY8BhAvsLp+B5QinsOtaxYfi9Wvs9367doOsGeXNReLbXOQTIpM6SlbAtWSXHnSn3M0JXk0beHyIbatNnZsuBhHjWew4HFmlHV1t7JXW3CLqwJMrt7AiiWTSzQ9ceKshU2v8/c9zIHNspTE8+bgae6Zg4D6IzpfIXKwAftx+zZr5Dusx6pwiOV3JDs5BHyInM8/yK8Q0AwwBYMYjE2BabcJnTHAxjetNJT/0cy588wvDlbAzlEirhyDEJvgfLYVcF4RGUI0bZjG0CZMgDCgyRQYW7a6ZQgKi9hHQTGIjKpiIqx2r6dXaSSOKpwul+97mKMjub+hIF68DE9/39tCPWAap+A/typbAt2/2TKVwpiDpR92HKbf6mUwGT/+yJfv3PNdnQdqBs6WwcK2fHbuRRlMlctX4e+E+vGRzOC87TaDd/o4DB2CZlWEtSTd3VaMLMf3UVm03BEA1Ewk4Bl17YI/EI1cnjbAE0zdwxznXffirsbainT9n6cOYd27vS1YjQ0o7GDFM3DOZdFlJ2xHJ7S7DSAvQky6kacAfNAEbKtQf7uc/+IgPeOSq/S66sv55REpf/6ooqJc4u/9CJnk1L3jmXZiaxB96tRwk4q9ynaaat0uVNFVXSq03LIB5MkimXhXJBcTc6+fsaDpa/JNtQdF6K0kEZuNZ//MQcEZ6Ik5ECRtmdDY9Rba6xGk1uBj0LwahNpjp1i+XI6KY4M2tgkLluA8UJpcYKUNi/pIpVdUEIa/PANByp/vwQInB9e0AVD1JplPi4tBO/XUAMQykH77nYwpJ5hpIPYphGoL6589UtMr5mioKS/DNvit6pmSOVIdnQ/FCgr+Crlmjqhzq3gINFkQdrwCMPrscMk1aBw6vEdac6zk8sMI1MHdPEbBP0sGU3Y85JDBVOUo8OzJls9k/DjQjj0OQgHrbry6zs3cMwrOKUeQrv0ZxMo5vPAAIDDPSKtdCCVzsJm5DXUVw5gXP2Phmj29KtyLjAi+5gYnTtxbCrNhD2qOrl3ocIcs/mHrOo5BZbj1JWucQC4bQMKDexDVJFLhL+QfweyRGSzUlPLDX5W/gsFU3T6yaUP4A2dyxXTQzrsQIBG+zQHd0QoGag7XHHILUJlw4SaX23HQC+ZYuvjk+NCxJXNmLGxaoHru3zGdTn9X0xP/gWc/6WnhHlBJRfceiPcZhDnoDPZvAmh7P5w5GIw4GWDIRLR77Y64wKiDXFkB0tZf0oNX66neN2/5vB+mlXoZNVG4Z5uH7mY5PpI6Q7j494nTQTspWrBM4933gG7ebBep1hYgl+nF1lND6v84FIaOLr4Q3/6V33Nf5uiG1MsJ0L8LuWQOYc04g6jmTACBsuWyW1YBDDsNpEReYPOwjkNJt/Nta9qFqhwPkGg9SH6TFJ16BjGYqgeMf9YrBvPLQ3rGM6LvJMVMEQS1hf6ZzwMURdg5CvNLr2wxYw171o5In9cq02+3WvD4RVpvHHKifcfoSp3v99iXOc5duObDxrqK3StunjJhxnWr3+0xAh6EAu6pngUFG3C+1LZnrTGPwhHhhY+bDrARmWlDS8a8csrJ1dwqVblRVxcG+RU9YrAsNLU8BsIOnkmJeMyLA7n8i0COieBrsHc2bgTjhRc5U4hwFicfwFoe8COZMkHe/sDGi/asK7dhyeSjiZ7YGNQjGzzeT9M/0+N538KziEGaQsATupGzwf1sfSm50i5nPsemRoCJnwGJghQ44PPT5gF04jtbXxVpx5M/ZPBQPouAf2D+nGHgPpOI2bdsv/wVDNbjLmbvmguSh77bnAvR17gIIgHTGvX1QNn6EoXgsPJ3/I5gCymDJh/vqofjHHr8OmpQZS+VA4HMUTl/5Vp0zGty5pgTsherN1y6B75cENoDY6dl7bP+CdQKnwSIR1hkNABROOM6gLW3oNZZh+UYEaWtonwlL3L4u+ZMAP5Roj76xvECyEnURIFhIfO+zfxmsngC4JOfBnIJmlN50cLw0N27Id2wHN9PC868qC1c51rQDvy1mZdykmL2ZpXtiH+uckHTd4LShc4UMwz6HV1PfB1PF2eLhAc0ssv6iFmYA4LJFWAOdKF2XP84wNFzIdJs19KjAMpQKT5XhyZWM3iDxPkQqN/cKtdcUrwv4K9gkKCR9UgMxuGogiDHPeqWz4WFQD63EGDWhZEmGJqQTkP64YcA9uw287ODsIE8ozZs7paHiUQzL2vmQMa4At/8QVi60FrOWNC8HH2PmtsWT/jlVYvejRrVwAfoh4IKz7U58MEjWHN0zAdNjIZO4TCAchQe66cCvI4fsfVNqZuX+1Kqey7+UrogHFWmFMhfXNU+QW0Q0nY8ZJs/2432zAogn0Z6GnsUZAP09dfAWPaofBcAvN23GUT4Kxpgcjmc1YOuXAq/al22cgTMC04WSQQgYreMHX1EFZ4+ljUiImwy6xQ0YsuDrzTkiIHvAetGCfXO3QCnoqKLRdysimmZcecADD8FTSz0Qd5G82z3enTwd1mM4ittZfwVUj1o4DBS1EeubJXZ49GqkkYOipoolO3g6pSlWVtGTzjeCjd6zAlW1PhsYM8eSN1zB8D+NhBWGuZGW7gmF55kJbAbayrOxXd+xyLuhKWNxBxV85p/jtpj/eM3HjdxzvVvRAw16AWqwcYMnUhmE3/PgaAeJFVYT3bS+rxlXk24BMCfuyTAdAVIDOMqAMZMwQ+7AWDnOwAfvgiw/U1rVD2Vsrp/3R6uiPjLRKhKK2sVIVkPGYxPF+RXsFPGDGxKP/MpjkSteypq0hM+gZpiQnQTigf8LsbD9wOse8UuLcpMX+81cOn9lCuebckKNw1+mU53TY+SNHLNsXrfyi8YykYS/5QVMgIY71GipbCSscjmgGwG+Jk47vtIxG/fBVA0HrXB6QCRGcQGHR3NwROs3zGzrPw7kDn2bATYuxlgXytes6iEbZlj5z6AZJf9Y8HmDIlGVfVU1MnvmafeoDaX3BOZirh2YsuGC4qsSIqlaFYOOQLbabTFFOOPRVOzlxsLo+9mNP8b0g/eawkUi/uk6qhNKY/FatOBdU2EelsMZ2qk9VFRW147bWqM6PVRO5ciMwdqj3tQe7Av32PmMAjZjJ+GBS0qMW9EMQdc4CSl+y6AsheHhex59c9Yu28gkU+CrBlEKJZY60HYb6Q9wc7UIGlrLQm1z5lDb2oVw4wqCKku65e0IzOyZa3sy7OwpOZ7XBmOVnLvcfVkx6StrB1NybSoueCJWsTOtlng86P2j0l9tngqnm9N8WDhggaUWPfZO3lxa6FVxL38QoE57s+tAaP2z0Cwvk7vkoNSmLZg4JEJYSaXBh9ERQ8Z41fYbHMjp4+a0AQKNy//y9QzZ16z6tms3rMhTehGHUgbMkCJv7nhgELaqkwRv1Ff1nv16s0Ak65FBjkJesUgMjCCNMPQHCTB2w4GYNsZvPAsGHV/ArJ3t+AfAM8A7rVnExorG+kTK5VoRjmi1KCRBqgba6edAUR/eda1TduiVikr5qhe2PK1+poyFrYnS+/MgnfIWxtOgOPZOslMyBBXezBQ+BV+c6uEqdwqOwNhP5pCL96ADHIdwLAzM/b7YcgtMI2x6mmgNX8Esmc3COMZ4CV4ID3YrRaoZHKZJ21oRUebvUH032WjNRhkxRyGYdD62mnnNtRV/KJqXtP3snmXwYknvtxN1132EmJ6SqQuWgC1+ABZ14L4Ep++E32E53+N/sNn0eE+N3ov1mGIBm1ovj+C/sUDd1mmnusb8AxCBYbhBZm7KsPufsowDBFjYwnv2/cp7Ok2OqX95LzQuKRsCtXI2lnXNkfWGgyy7op4x0itmqhr9+Bp1szBACXGSqz4Fb5mk7IHxnxTrS1UvUWEu2T/2OTEt+4A2PU6MgkKj5II2yUfhmBgAarffBng3r+j+fqi6TfxkwpB0Abi1gVKbeG+kxnX8AwzyZ9cI2/cvOz+1kUhqFJdu9lId1VmW8WsmWPhwjXJxpqyrzbWVvy/yvlNf8j2fUOH57By+7CtivynWkt+hQqc1ozKYKwXa9tqZJA3rGkm7JcYGFLIYfAAo9adqI2fQG2x4mH8km3WVHfgOxozVBzqkANwnZMRmIhzyIGm/73IMAIHARvqytGuhmt7Mv2pB53YAJULWu5F0+rpx288459zrl+7PZt3uwE+KABgIVDONG8ozSpJZDgJowRt9e3idBDYjVrknwDvPwIwuhpgbBXAwHGKhIdBAEaD698GeHoZQNOTVqBqyfQVzSafUXDXCXEu/UfBMyFLrTwyn9x8ax8B4+kglB+/8bhEfuGwSyvnNX29J1XuEXMw6E53fSa/sOBOPJ2RzXuPvnLftktPuXQN1u5M/6nboHaynXtRog6azxSc4oiy7r0A7z0AsLEBoPQEgFHT0Nw62pr2HhbN5OMCLE4W223qPZRlzzyFNvVrlo/hdJLw7c+An6QIau0gahiAqNrCyp6b0g70pX1p8lbQapJEwdA/pdP0vJ5Wv8fMwdZ7NNSU/au+tmJu9fympVHfmzvXSKdfv/RRTdOuI+6eVQq/wi8AnGx4ys44n53vTFaHwfCY3GMtltqCJlf+UICiIwGGILMMPQnPR1mMwpbYaj1uqkMD2PgLG5NJoVO9ZQPAG8+jhn0VYNP7aEZtt+Lv8prCp/3ddejgxxDilBCAAJNL0Ebylmu0cdRjS1sNn+1k6usqpmG63TMWNr/c0ybp1RevWtDyx8a6iteW3nTy43O//HLE3WRQ+LS3PV1SVPIBEuj4Xs+tInLiEAZz00oMZo6Eb7MWTW191tJMeQOQQcbgbzT+jrAmKhawAHF2kLi8wkOPaZxIim27APag77C71dqsc9tGiym2rLf8CNZkzgxqVa+ic61YCekutQXe+nXCj4pB2sCXIQK3fO6GJNzFek/9qoloNVXOb+7V6Gavv2x3V3L20HjJ3XgaWX0tf3f5PjStlmLNvokNwnUbKfwKvy7anvocgXlw+p7dS+5HwkEHfsfr9jPW1uynWUfW4xUrsNaQ6Pl4nm9pGnakGlceezdPxIFK52yEPWWPevPP2RYKbATb4NpAlYd7z36fjcgzs8j8dVoMsc/emDOZsnqbmLZIpa1zJ+auY67KIl9oQ8Eu8rang4zgX2TyEEOBcvkA4fKwWco1sThhSOljrZ273vTrlEeB/dsUTZf7PI4MvWaO2V9evaGxrvyBhtqKz1XNb4oUyoeZVqk3596tE20+1rRUeJhNFy3vV/Q0aqJcjKyVeL+I9Xixn5MvK6eTOaZbMsTq4KMK6+m+BxkC8KTzy4Ny0tx5RqX3OLwoSHnQ4HSqugsNI5m3fmtwuGk/Vhxq1caYKvmUCdMWYnJ1YPF/P6qxsUtldDTUlbNdkbWZ81euUjzOCnJiE1TOa74FubXp8RvPWB619yp+/H3Ppt+8dCVW+TxPw4fNrYq0PZoPgwU57qFTxSMwWNCOtKouZk9XNJ9/FPy5dlLNAs4l/h6/ToU/T9nqQA2OgeCkt4jfG9iaL9XVIJS8sK1t9yMqkwr9WFJfU/bvynlN4bGCIkDODOa9O3Z+cuCQwUjscFKU9Kxy6Tcu+z9Nh6nYcIO9JpHUotTnnsqsUoofAGEeA8jpfe4J+fuYffLsuazyd7QSeClBZRJ68vepZ0/Dkvrhn00eQjvJ2x3Yicxrfi24hbfYBDxCZkF70Qb82bj6euUajhU1ZbeCkTpD9awnkDPm+NR31rU1LJn2zYa6ih9WzWuKFM7nw12bV40eNvoxlFZfEBYP8SaRRxqGSCv5Y6nyEEwu+yVlWE+A6NJWxt/HFDHziIK/TzkHedREJf6eQA3qbQVkOZPhMZuJCDzQ1tnVoJrYh+bUhXh4pXLBqlcVj3sEOe1qqVq4chmaV3n4+y6qttANcMZMbe5Ivn3Zb2KEzMIGGB76gWUCFZgoAoG670I0Ag1i0p4QqGwu9Tn+JPs179kwmJtHBAZTjYEAeH174mNyUdiUNuBXIx5/3LNf5aM3n1paEC/+bxTKk+VnvYGc90Pau0Pdg/bfr4K62hx44IV7X7rktLm/xnb4JapZzWMOeNZIgvAtxO/HfWBfcSTlAYq8VKYUD8q15X75+5hN8j0h/yxwjIo/X06uwpKq6h2Av+Wgg9CeYpA3+b57zfZJ+9H/PfzIukXghcJ4UXNr156zFI96BX3SSd/Zvr0UHSO2QmtsWFrWc/XBU9U3Hjl2aDU23BzCB0hl4BB4T6SVm0dUc4DYeUSRttz7skbzgB/+9r1cRE3k26kvoiY6ZQdFTQwLS6pw0J1ixfEN4B30NCH0r69s2H67ah4VmvE/MSj9SjbjbFGhT5iDrTN//MYzTmc9WKhJKsLSj5te35l877LvxTQyFhv+JIFIAnuQOJBNFs8z4tMDAyAwmHk7SwYTCCeEwQQcs2Sw3mxs49QziMHCumh5zSCoJz5pAIPZsxJ4BnFzsPN0BwktEcncksZUKrno9DVrknJ26GfcnzLS35y1YNV76gJ7B302vMu6dBtrK+5urCm7lE1UDEufd9Q9L6XfuuTrmha7HdvliD7polXZ5XJWfs+iRPMIy0P5LAL+fNpswpIKmo7DNVdhSVWaOmIcsmhbPpPnDZr8asGDyzdJyDjrwd/rK8Zg0KdzH9iU9hVLyk9uqC2vqZrfrAzzzkPecf+qT7756Ss1ot+O7WZFRvTYtYoPF9RFq8yDe+a80JuwpMr8JZxk+1/APyR/IY8s8Ff5Wsr87Ruh+Eeot5udz3cSRsQp8GF7XOZhysOAF9IpelnioeWelX4rlkw+MqYnfohWyQXys1xCn08MYhO/GmrKH0EG+ToyyA1BaZkDj4788uRbc69BK+S32GwTej1iK0u6rMwBTqr3tAdJluoqWz8XURMFaa7An9dKYX5F0LMeRk1U4e+z3UEaeaMJSeG6xEP1HsZYetPJRUMTJU8gY5wQgG1O4IDMmqta0Hw/Msd36mvKL6he0PxwUFq7h+uB1JuX7tB1/ffY8KcRNlfZtwvVhiBzQA4A1wtzQMlgMuH4EWhvGSzIcc92y2eVIAjzyVzN0EMGU+Evjoyjx03uTqaS38t/4N+ekDv2CHhrrkbAw+CATSlFrfHrhrqKJfW1Zeur57e8FJY+duy9TfvePn/OAChchM23gABNBJo9UUwRkNKFmhuKPHqSfxSzLTB/4trmgtkTFKo0FH+FKeUIkigmlDL/CKaUsv1NnLfTNPzPG29t+8uJL7/cDQqor5n24VvpruJK1cM+gAM637pqXtPCxrqK+kdvmvL59sY128NCMhYd88j2D56q/vbYUaVNAPrXsZHPIALOklTn7zkQJWpij7s4/aQtJ+l5olC9HwV/CgHmTASzrbdhSXntK5QDIv4qrRQyVw7R78R/T6YJ/PRf/3r62bmGlyaYj6Fr8Yc7O4xjF17v7bXqKzjgixFQJVYjgzyXOvP46XjZFpaedfPi4c6Otz71dILGv4Afmu0VMhKb1p4DHmIO8JdBfkVPGcyXcHLEYDJayptRGQzUJqkn/xwyGJ+Oe5eaK6bhHWoYP93XSR4d+NBTu1Rxc55cUnF8np74hUGNWXOuX7k3APucQ7+s1EEGYWMgrzxxS9kF517b8n6UdwomPsi6836174Xzby0sLPgCSiNkFDjDIlkVgToXHOFEmWrdEwYLWr7rQC4YLMqWz4EMpjB7ZL8iCP/eMhjiTw1zr4dmSo3b2rr23Vty33O7/XZUYQEE82L6NyrnNV8cUGKfQb8tY0MGOQkZ5F+NtWW/rpzf0hz1vaJPPLJ98WLtD1+57LKaUpo+VdfZpEU4C7/F8fjdB/Sfz8ExomyD9zh/zodw85DuBeJv3xDyl4g26/ZRMFjILGB83I5M/TqetKTT9Pbt+9tfHv3Q2o6g6UUNS6bNjumxC5BOvuCXpq+hX9d4YsUvbqyt+FV9bcVR1fObbo/63qJF5jQCNl2geelSbdX5x1w0Ik/TJmg6TCMGORE/x3FIBEPwGEdplcAPE8ePFkeJx+qLPxIzJ1FH6uL0k7acXe7XixZkb0fqQYJgvyhb/FVSPdSnAeWMZWsBK6TMH8EfJUkgLEAYYYF9u/HxDrz3JiXGa0aStCT15LuPtK/cwvzMkYqm4gHp4Qqi6+ORPv5fQLI+h35fAF05v+k/62vLFiCT/BTPQ3fbkYHNzcLDZvvXxO6xLr/tTRcVDYjDIF0jg0gKBhGdFuNHLCQGFOJHL6JpWow0MxCZqBC/1ACkgkI8L8CPylZfFuAvH9OzCM14ZOtj2RF0MIwEmBEXSJwxHwE7YjyDKHOr+HtRumj5tEF+RSCDgctEaNSw9mJEzCJbJ61zFg1b68TX01g+8/GQ4PFokA5ggb8B8Ej3I7G347Eds9qD+e3D9PvQTGoHzWinBmnDvHenk8bu/SS9e0jN020ORqx4RmhRYnE21FZ8DxuhtWpeS+52Me4h9DtzMKie31LTWFM+HRnkUWSQHodSccBW1232b0OvEfwIgdKnz2EerJekp4MQaGb/BSD9r+r5K+XtoPoFDgrmYFC5oPmpZTdNeRcbaM+etvZxF33tud39jdNhOHDAggSSVPr6qmtWvtjfuDhw0DAHAxasAZ3t0uljy55tXFL25cqFLav7G6fD0Lfw4K9PLB44ZPDmrvaOCdlGz+xrOKiYg4HtbJ/eUFv+u4aasrNYbKz+xukw9A2wSanFQwbf8dSGlhL7ux9UcNAxhwNV85u/waIpsu5e1qvV3/gchtxCY1355zUNqqvmNZ1c1d/I+MBByxwMWJjRJ25BE6uugnYDnTh7XvPb/Y3TYeg9oFVwIwHyUtX8ptBlDP0JBzVzMLBH0AlKmrsba8qfQMe9tr9xOgw9g4baii8RAt9Np9NX9HTrvAMJBz1zOFA5r/kzDXUVX0Qt8kjrhj2fnrtIPXPzMBycgN/tl5Qar6V2d5wx61vPeyKIHIxwyDAHA7RP/77spimNQ8eWvL+ituzzM+a3NPY3TochGFbUlM/UNfJoOm1Uz1jY0tTf+GQDhxRzMGDdvXgYxaJOoDT6a/WClqOihAA6DAcW6mvLRmhEq0PGeKZyXtMhueHJIcccDqAW+eFtiyf8pL6mrKOxtuLyyvlND/Q3TofBXq23pOy/CNFmdnclr7SF2SEJhyxzMLhq0btsHlA+apBvsjUiYBi/qVzQ8o/+xuvjCqzrHYXV7WDARVXzm37a3/j0Fg5p5nAA1fZvH/j96XUDiwsvY71ayTT571kLm17vb7w+LlBfO+1sjei3Emr8vnJ+ywFZ330g4CPBHAzsuVhLltWVN8R1uhg1yVD0RP6ezVT4w5AdrKirOE0D+AMhenPrXnry3K+3dPQ3TrmEjwxzOGAPFH6h4Zby0RCjn0RNsi6dhsubNq989WCconAowvKaKZ+IaXm/0ii809XRccnBNicqV/CRYw4Hqq5tZstqa5bedPKdQ+IDb5g+tuyyhtqy7+1YtuovYYEdDoMaGmrKy4hGfq5rsddSHR1Xz/zq2s39jVNfwkeWORywAwyzaQoLGmvLLh96bhkLU/rTfUbXTRcsXNPe3/gd7MAifxA9cTqaT78ADR4yqPGZ6vktW/sbrwMBH3nm4AGdRbYv710NNWWfKtISL6BfEgOD/rSz07jnQEe2OJhh6eWaXjKzbGKeRv9b1xMDKdAVyV3th8zIdq7gY8UcDlQtaHkQDw8uvaG8YMhAMje/QGtCRnkzbdCbdz25suHjanY11FRUE41+AbXrJRTgYdqdWlx13eo3+huv/oKPJXM4MPfrzax35e/s17Bk8tEoJa9Awrinoa5iKZoP/2jauKoJnfhUf+PZV7B4saZNHzN1GhCNRfg4j2hwWzoNN8xY2DS/v3E7GOBjzRw8VC1c8w4eFrNffW3ZKRohl6ETfzcyylMA9O5Ukjw169qmbf2NZ2/B2iKsqIIAsPpdDBRuNtJGzYbNW75pD6oeBhsOM4cC7Fi+7PejZXXlx8QpnJuXB0vR9CpHYvoNapV1qWR6xd6uWKutfQ5KYL7D4NlTh2oUKoCQS/HWSYXx4m70Ie5MUfrzmfObr+xvHA9mOMwcIWCPm7Dfn9h1Y21ZOSHasfG4dsvQBByPmmUPSuFlyDQtlNLtlNB3Zi5cte1AT4ZkGiFfH3AUITCGaNocLHza0NllY4EA2131XppMLu5KaR8e7niIDoeZI0uwozOy363sesWSySUAeSfrusaiLqK5op1ZX1N2FmqZ9WiOvUyBvInJPgCa3pRO021GTN+tdXS2t7d3tMUL0t37nn4r9Zl7rBhnDkMxX2DSOsxt2rR4HulI5BfqBWDkJXRiDNVjOosTXIwJx+HxGKBkEqY8HTUC03TPIJO+w8wkCsnvz1i4Zk9/tdNHAQ4zRy/BJsAm++cC22RlYGLgETo1xugURlOinxLTYRRlQbALCkoGFhSMwmQD82cPK6w/1wwipyNDmeHX0BfohjHQhUS/G6CQSfpdoEMbpWQjnr+PDLGXUuMFg5KHSTK1uforq3Yc8Ip/DOD/AyYk9aArGdI0AAAAAElFTkSuQmCC" data-filename="ig.png" style="background-color: transparent; color: inherit; font-size: 0.875rem; width: 58.1667px;"><span style="font-family: &quot;Open Sans&quot;; font-size: 18px; color: rgb(90, 90, 90); text-align: justify;"><br></span></div><div style="text-align: left;"><span style="color: rgb(90, 90, 90); font-family: &quot;Open Sans&quot;; font-size: 18px; text-align: justify;"><span style="font-size: 18px;">&nbsp; </span><span style="font-size: 18px;">&nbsp;To make your order, you need to download and install our mobile app through Google Play or App&nbsp;</span></span><span style="color: rgb(90, 90, 90); font-family: &quot;Open Sans&quot;; text-align: justify; font-size: 18px;">Store. Get the latest promo/sale!</span></div><div style="text-align: left;"><span style="font-family: &quot;Open Sans&quot;; font-size: 18px; color: rgb(90, 90, 90); text-align: justify;"><br></span></div><div><div style="text-align: left;"><br></div></div></div>', 3, 1, '2020-09-23 13:56:15', NULL, NULL, NULL);
/*!40000 ALTER TABLE `legal` ENABLE KEYS */;

-- Dumping structure for table glorycms.member
CREATE TABLE IF NOT EXISTS `member` (
  `id` bigint(20) unsigned NOT NULL AUTO_INCREMENT,
  `google_id` text COLLATE utf8mb4_unicode_ci DEFAULT NULL,
  `facebook_id` text COLLATE utf8mb4_unicode_ci DEFAULT NULL,
  `name` varchar(191) COLLATE utf8mb4_unicode_ci NOT NULL,
  `profil` varchar(191) COLLATE utf8mb4_unicode_ci DEFAULT NULL,
  `email` varchar(191) COLLATE utf8mb4_unicode_ci DEFAULT NULL,
  `jk` enum('L','P') COLLATE utf8mb4_unicode_ci DEFAULT NULL,
  `nohp` varchar(191) COLLATE utf8mb4_unicode_ci DEFAULT NULL,
  `email_verified_at` timestamp NULL DEFAULT NULL,
  `password` varchar(191) COLLATE utf8mb4_unicode_ci DEFAULT NULL,
  `status` int(1) NOT NULL DEFAULT 0,
  `created_by` varchar(250) COLLATE utf8mb4_unicode_ci DEFAULT NULL,
  `updated_by` varchar(250) COLLATE utf8mb4_unicode_ci DEFAULT NULL,
  `reset_password` varchar(250) COLLATE utf8mb4_unicode_ci DEFAULT NULL,
  `verification` varchar(250) COLLATE utf8mb4_unicode_ci DEFAULT NULL,
  `last_login_ip` varchar(250) COLLATE utf8mb4_unicode_ci DEFAULT NULL,
  `last_login_at` timestamp NULL DEFAULT NULL,
  `created_at` timestamp NULL DEFAULT NULL,
  `updated_at` timestamp NULL DEFAULT NULL,
  `deleted_at` timestamp NULL DEFAULT NULL,
  PRIMARY KEY (`id`)
) ENGINE=InnoDB AUTO_INCREMENT=19387 DEFAULT CHARSET=utf8mb4 COLLATE=utf8mb4_unicode_ci;

-- Dumping data for table glorycms.member: ~0 rows (approximately)
/*!40000 ALTER TABLE `member` DISABLE KEYS */;
/*!40000 ALTER TABLE `member` ENABLE KEYS */;

-- Dumping structure for table glorycms.migrations
CREATE TABLE IF NOT EXISTS `migrations` (
  `id` int(10) unsigned NOT NULL AUTO_INCREMENT,
  `migration` varchar(191) COLLATE utf8mb4_unicode_ci NOT NULL,
  `batch` int(11) NOT NULL,
  PRIMARY KEY (`id`)
) ENGINE=InnoDB AUTO_INCREMENT=28 DEFAULT CHARSET=utf8mb4 COLLATE=utf8mb4_unicode_ci;

-- Dumping data for table glorycms.migrations: ~27 rows (approximately)
/*!40000 ALTER TABLE `migrations` DISABLE KEYS */;
INSERT INTO `migrations` (`id`, `migration`, `batch`) VALUES
	(1, '2014_10_12_000000_create_users_table', 1),
	(2, '2014_10_12_100000_create_password_resets_table', 1),
	(3, '2019_08_19_000000_create_failed_jobs_table', 1),
	(4, '2019_10_09_025831_create_table_roles', 1),
	(5, '2019_10_09_025943_create_table_roleuser', 1),
	(6, '2019_10_09_030030_create_table_permissions', 1),
	(7, '2019_10_09_030116_create_table_permissionrole', 1),
	(8, '2019_12_26_141545_create_sessions_table', 1),
	(9, '2019_12_30_100105_create_table_slider', 1),
	(10, '2019_12_30_100536_create_testimonial_table', 1),
	(11, '2019_12_30_101337_create_about_table', 1),
	(12, '2019_12_30_101829_create_contact_table', 1),
	(13, '2019_12_30_103212_create_categories_table', 1),
	(14, '2019_12_30_104019_create_products_table', 1),
	(15, '2019_12_30_111221_create_bestseller_table', 1),
	(16, '2019_12_30_111300_create_newarrival_table', 1),
	(17, '2020_02_22_170200_create_gift_table', 1),
	(18, '2020_02_22_184654_create_customer_table', 1),
	(19, '2020_02_22_184903_create_cartdetail_table', 1),
	(20, '2020_02_22_184937_create_provinsi_table', 1),
	(21, '2020_02_22_185005_create_kabkota_table', 1),
	(22, '2020_02_22_185122_create_kec_table', 1),
	(23, '2020_02_22_185144_create_transaksi_table', 1),
	(24, '2020_02_22_185201_create_transaksidetail_table', 1),
	(25, '2020_02_22_185213_create_cart_table', 1),
	(26, '2020_02_22_185242_create_invoice_table', 1),
	(27, '2020_02_22_185302_create_invoicedetail_table', 1);
/*!40000 ALTER TABLE `migrations` ENABLE KEYS */;

-- Dumping structure for table glorycms.password_resets
CREATE TABLE IF NOT EXISTS `password_resets` (
  `email` varchar(191) COLLATE utf8mb4_unicode_ci NOT NULL,
  `token` varchar(191) COLLATE utf8mb4_unicode_ci NOT NULL,
  `created_at` timestamp NULL DEFAULT NULL,
  KEY `password_resets_email_index` (`email`)
) ENGINE=InnoDB DEFAULT CHARSET=utf8mb4 COLLATE=utf8mb4_unicode_ci;

-- Dumping data for table glorycms.password_resets: ~0 rows (approximately)
/*!40000 ALTER TABLE `password_resets` DISABLE KEYS */;
/*!40000 ALTER TABLE `password_resets` ENABLE KEYS */;

-- Dumping structure for table glorycms.permissionrole
CREATE TABLE IF NOT EXISTS `permissionrole` (
  `permission_id` bigint(20) unsigned NOT NULL,
  `role_id` bigint(20) unsigned NOT NULL,
  PRIMARY KEY (`permission_id`,`role_id`),
  KEY `permissionrole_permission_id_index` (`permission_id`),
  KEY `permissionrole_role_id_index` (`role_id`),
  CONSTRAINT `FK_permissionrole_permissions` FOREIGN KEY (`permission_id`) REFERENCES `permissions` (`id`) ON DELETE CASCADE,
  CONSTRAINT `permissionrole_role_id_foreign` FOREIGN KEY (`role_id`) REFERENCES `roles` (`id`) ON DELETE CASCADE
) ENGINE=InnoDB DEFAULT CHARSET=utf8mb4 COLLATE=utf8mb4_unicode_ci;

-- Dumping data for table glorycms.permissionrole: ~48 rows (approximately)
/*!40000 ALTER TABLE `permissionrole` DISABLE KEYS */;
INSERT INTO `permissionrole` (`permission_id`, `role_id`) VALUES
	(1, 1),
	(2, 1),
	(3, 1),
	(4, 1),
	(5, 1),
	(6, 1),
	(7, 1),
	(8, 1),
	(9, 1),
	(10, 1),
	(11, 1),
	(12, 1),
	(13, 1),
	(14, 1),
	(15, 1),
	(16, 1),
	(17, 1),
	(18, 1),
	(19, 1),
	(20, 1),
	(21, 1),
	(22, 1),
	(23, 1),
	(24, 1),
	(25, 1),
	(26, 1),
	(27, 1),
	(28, 1),
	(29, 1),
	(30, 1),
	(31, 1),
	(32, 1),
	(33, 1),
	(34, 1),
	(35, 1),
	(36, 1),
	(37, 1),
	(38, 1),
	(39, 1),
	(40, 1),
	(41, 1),
	(42, 1),
	(43, 1),
	(44, 1),
	(45, 1),
	(46, 1),
	(48, 1),
	(49, 1);
/*!40000 ALTER TABLE `permissionrole` ENABLE KEYS */;

-- Dumping structure for table glorycms.permissions
CREATE TABLE IF NOT EXISTS `permissions` (
  `id` bigint(20) unsigned NOT NULL AUTO_INCREMENT,
  `name` varchar(191) COLLATE utf8mb4_unicode_ci NOT NULL,
  `slug` varchar(191) COLLATE utf8mb4_unicode_ci NOT NULL,
  `nested` varchar(191) COLLATE utf8mb4_unicode_ci NOT NULL,
  `icon` varchar(191) COLLATE utf8mb4_unicode_ci NOT NULL,
  `asmenu` tinyint(4) NOT NULL DEFAULT 0,
  PRIMARY KEY (`id`) USING BTREE,
  KEY `permissions_slug_index` (`slug`) USING BTREE,
  KEY `permissions_nested_index` (`nested`) USING BTREE
) ENGINE=InnoDB AUTO_INCREMENT=50 DEFAULT CHARSET=utf8mb4 COLLATE=utf8mb4_unicode_ci ROW_FORMAT=DYNAMIC;

-- Dumping data for table glorycms.permissions: ~49 rows (approximately)
/*!40000 ALTER TABLE `permissions` DISABLE KEYS */;
INSERT INTO `permissions` (`id`, `name`, `slug`, `nested`, `icon`, `asmenu`) VALUES
	(1, 'Pengaturan', 'company.index', '1', 'fa-stores', 1),
	(2, 'Tentang', 'about.index', '1.1', 'fa-file-o', 1),
	(3, 'Simpan Tentang', 'about.simpan', '1.1.1', 'fa-refresh', 0),
	(4, 'FAQ', 'faq.index', '1.2', 'fa-file-o', 1),
	(5, 'Tambah FAQ', 'faq.tambah', '1.2.1', 'fa-plus', 0),
	(6, 'Ubah FAQ', 'faq.ubah', '1.2.2', 'fa-pencil', 0),
	(7, 'Detail FAQ', 'faq.detail', '1.2.3', 'fa-eye', 0),
	(8, 'Hapus FAQ', 'faq.hapus', '1.2.4', 'fa-trash-o', 0),
	(9, 'Legalitas', 'legal.index', '1.3', 'fa-file-o', 1),
	(10, 'Atur Legalitas', 'legal.simpan', '1.3.3', 'fa-file-o', 0),
	(11, 'Konten', 'konten.index', '2', 'fa-file-o', 1),
	(12, 'Blog', 'blog.index', '2.1', 'fa-file-o', 1),
	(13, 'Tambah Blog', 'blog.tambah', '2.1.1', 'fa-file-o', 0),
	(14, 'Ubah Blog', 'blog.ubah', '2.1.2', 'fa-file-o', 0),
	(15, 'Hapus Blog', 'blog.hapus', '2.1.3', 'fa-file-o', 0),
	(16, 'Detail Blog', 'blog.detail', '2.1.4', 'fa-file-o', 0),
	(17, 'Slider', 'slider.index', '2.2', 'fa-file-o', 1),
	(18, 'Tambah Slider', 'slider.tambah', '2.2.1', 'fa-plus', 0),
	(19, 'Ubah Slider', 'slider.ubah', '2.2.2', 'fa-pencil', 0),
	(20, 'Detail Slider', 'slider.detail', '2.2.3', 'fa-eye', 0),
	(21, 'Hapus Slider', 'slider.hapus', '2.2.4', 'fa-trash-o', 0),
	(22, 'Testimoni', 'testimoni.index', '2.3', 'fa-file-o', 1),
	(23, 'Tambah Testimoni', 'testimoni.tambah', '2.3.1', 'fa-plus', 0),
	(24, 'Ubah Testimoni', 'testimoni.ubah', '2.3.2', 'fa-pencil', 0),
	(25, 'Detail Testimoni', 'testimoni.detail', '2.3.3', 'fa-eye', 0),
	(26, 'Hapus Testimoni', 'testimoni.hapus', '2.3.4', 'fa-trash-o', 0),
	(27, 'Pengguna', 'pengguna.index', '3', 'fa-file-o', 1),
	(28, 'Staff', 'staff.index', '3.1', 'fa-file-o', 1),
	(29, 'Tambah Staff', 'staff.tambah', '3.1.1', 'fa-plus', 0),
	(30, 'Ubah Staff', 'staff.ubah', '3.1.2', 'fa-pencil', 0),
	(31, 'Detail Staff', 'staff.detail', '3.1.3', 'fa-eye', 0),
	(32, 'Hapus Staff', 'staff.hapus', '3.1.4', 'fa-trash-o', 0),
	(33, 'Member', 'member.index', '3.2', 'fa-file-o', 1),
	(34, 'Tambah Member', 'member.tambah', '3.2.1', 'fa-plus', 0),
	(35, 'Ubah Member', 'member.ubah', '3.2.2', 'fa-pencil', 0),
	(36, 'Detail Member', 'member.detail', '3.2.3', 'fa-eye', 0),
	(37, 'Hapus Member', 'member.hapus', '3.2.4', 'fa-trash-o', 0),
	(38, 'Keamanan', 'security.index', '7', 'fa-lock', 1),
	(39, 'Manajemen Modul', 'permission.index', '7.1', 'fa-file-o', 1),
	(40, 'Tambah Modul', 'permission.tambah', '7.1.1', 'fa-plus', 0),
	(41, 'Edit Modul', 'permission.ubah', '7.1.2', 'fa-pencil', 0),
	(42, 'Manajemen Akses', 'role.index', '7.2', 'fa-file-o', 1),
	(43, 'Tambah Akses', 'role.tambah', '7.2.1', 'fa-plus', 0),
	(44, 'Ubah Akses', 'role.ubah', '7.2.2', 'fa-pencil', 0),
	(45, 'Daftar User Akses', 'role.user', '7.2.3', 'fa-pencil', 0),
	(46, 'Hapus Akses', 'role.hapus', '7.2.4', 'fa-trash-o', 0),
	(47, 'Tambah Legal', 'legal.tambah', '1.3.1', 'fa-file-o', 0),
	(48, 'Ubah Legal', 'legal.ubah', '1.3.2', 'fa-file-o', 0),
	(49, 'Detail Legal', 'legal.detail', '1.3.4', 'fa-plus', 0);
/*!40000 ALTER TABLE `permissions` ENABLE KEYS */;

-- Dumping structure for table glorycms.roles
CREATE TABLE IF NOT EXISTS `roles` (
  `id` bigint(20) unsigned NOT NULL AUTO_INCREMENT,
  `name` varchar(100) COLLATE utf8mb4_unicode_ci NOT NULL,
  PRIMARY KEY (`id`)
) ENGINE=InnoDB AUTO_INCREMENT=4 DEFAULT CHARSET=utf8mb4 COLLATE=utf8mb4_unicode_ci;

-- Dumping data for table glorycms.roles: ~2 rows (approximately)
/*!40000 ALTER TABLE `roles` DISABLE KEYS */;
INSERT INTO `roles` (`id`, `name`) VALUES
	(1, 'Super Admin'),
	(2, 'Admin');
/*!40000 ALTER TABLE `roles` ENABLE KEYS */;

-- Dumping structure for table glorycms.roleuser
CREATE TABLE IF NOT EXISTS `roleuser` (
  `role_id` bigint(20) unsigned NOT NULL,
  `user_id` bigint(20) unsigned NOT NULL,
  PRIMARY KEY (`role_id`,`user_id`),
  KEY `roleuser_role_id_index` (`role_id`),
  KEY `roleuser_user_id_index` (`user_id`),
  CONSTRAINT `roleuser_role_id_foreign` FOREIGN KEY (`role_id`) REFERENCES `roles` (`id`) ON DELETE CASCADE,
  CONSTRAINT `roleuser_user_id_foreign` FOREIGN KEY (`user_id`) REFERENCES `users` (`id`) ON DELETE CASCADE
) ENGINE=InnoDB DEFAULT CHARSET=utf8mb4 COLLATE=utf8mb4_unicode_ci;

-- Dumping data for table glorycms.roleuser: ~0 rows (approximately)
/*!40000 ALTER TABLE `roleuser` DISABLE KEYS */;
INSERT INTO `roleuser` (`role_id`, `user_id`) VALUES
	(1, 1);
/*!40000 ALTER TABLE `roleuser` ENABLE KEYS */;

-- Dumping structure for table glorycms.sessions
CREATE TABLE IF NOT EXISTS `sessions` (
  `id` varchar(191) COLLATE utf8mb4_unicode_ci NOT NULL,
  `user_id` bigint(20) unsigned DEFAULT NULL,
  `ip_address` varchar(45) COLLATE utf8mb4_unicode_ci DEFAULT NULL,
  `user_agent` text COLLATE utf8mb4_unicode_ci DEFAULT NULL,
  `payload` text COLLATE utf8mb4_unicode_ci NOT NULL,
  `last_activity` int(11) NOT NULL,
  UNIQUE KEY `sessions_id_unique` (`id`)
) ENGINE=InnoDB DEFAULT CHARSET=utf8mb4 COLLATE=utf8mb4_unicode_ci;

-- Dumping data for table glorycms.sessions: ~0 rows (approximately)
/*!40000 ALTER TABLE `sessions` DISABLE KEYS */;
/*!40000 ALTER TABLE `sessions` ENABLE KEYS */;

-- Dumping structure for table glorycms.slider
CREATE TABLE IF NOT EXISTS `slider` (
  `id` bigint(20) unsigned NOT NULL AUTO_INCREMENT,
  `title` varchar(191) COLLATE utf8mb4_unicode_ci NOT NULL,
  `banner` varchar(191) COLLATE utf8mb4_unicode_ci NOT NULL,
  `link` text COLLATE utf8mb4_unicode_ci DEFAULT NULL,
  `status` int(11) NOT NULL DEFAULT 0 COMMENT '0:disable 1:active ',
  `sort` int(11) NOT NULL DEFAULT 0,
  `created_by` varchar(250) COLLATE utf8mb4_unicode_ci DEFAULT NULL,
  `updated_by` varchar(250) COLLATE utf8mb4_unicode_ci DEFAULT NULL,
  `created_at` timestamp NULL DEFAULT NULL,
  `updated_at` timestamp NULL DEFAULT NULL,
  PRIMARY KEY (`id`)
) ENGINE=InnoDB AUTO_INCREMENT=11 DEFAULT CHARSET=utf8mb4 COLLATE=utf8mb4_unicode_ci;

-- Dumping data for table glorycms.slider: ~6 rows (approximately)
/*!40000 ALTER TABLE `slider` DISABLE KEYS */;
INSERT INTO `slider` (`id`, `title`, `banner`, `link`, `status`, `sort`, `created_by`, `updated_by`, `created_at`, `updated_at`) VALUES
	(4, 'Slider 5', 'media/slider/slider_1588490680.png', NULL, 1, 2, 'Blessing', 'Rapier Technology International', '2020-03-24 18:40:22', '2020-09-23 15:35:03'),
	(6, 'Slider 1', 'media/slider/no_img.png', NULL, 1, 4, 'Rapier Technology International', 'Rapier Technology International', '2020-09-22 22:08:47', '2020-09-23 08:08:32'),
	(7, 'Slider 4', 'media/slider/no_img.png', NULL, 1, 6, 'Rapier Technology International', 'Rapier Technology International', '2020-09-22 22:09:09', '2020-09-23 15:35:16'),
	(8, 'Slider 3', 'media/slider/slider_1600788059.png', NULL, 1, 1, 'Rapier Technology International', 'Rapier Technology International', '2020-09-22 22:11:09', '2020-09-23 15:34:56'),
	(9, 'slider 2', 'media/slider/no_img.png', NULL, 1, 5, 'Rapier Technology International', 'Rapier Technology International', '2020-09-22 22:29:26', '2020-09-23 08:08:32'),
	(10, 'slider 6', 'media/slider/slider_1600788592.png', NULL, 1, 3, 'Rapier Technology International', 'Rapier Technology International', '2020-09-22 22:29:52', '2020-09-23 15:35:10');
/*!40000 ALTER TABLE `slider` ENABLE KEYS */;

-- Dumping structure for table glorycms.testimonial
CREATE TABLE IF NOT EXISTS `testimonial` (
  `id` bigint(20) unsigned NOT NULL AUTO_INCREMENT,
  `name` varchar(191) COLLATE utf8mb4_unicode_ci NOT NULL,
  `job` varchar(191) COLLATE utf8mb4_unicode_ci NOT NULL,
  `content` text COLLATE utf8mb4_unicode_ci NOT NULL,
  `sort` int(11) NOT NULL DEFAULT 0,
  `created_by` varchar(250) COLLATE utf8mb4_unicode_ci DEFAULT NULL,
  `updated_by` varchar(250) COLLATE utf8mb4_unicode_ci DEFAULT NULL,
  `status` int(11) NOT NULL DEFAULT 0 COMMENT '0:disable 1:active ',
  `created_at` timestamp NULL DEFAULT NULL,
  `updated_at` timestamp NULL DEFAULT NULL,
  PRIMARY KEY (`id`)
) ENGINE=InnoDB AUTO_INCREMENT=4 DEFAULT CHARSET=utf8mb4 COLLATE=utf8mb4_unicode_ci;

-- Dumping data for table glorycms.testimonial: ~3 rows (approximately)
/*!40000 ALTER TABLE `testimonial` DISABLE KEYS */;
INSERT INTO `testimonial` (`id`, `name`, `job`, `content`, `sort`, `created_by`, `updated_by`, `status`, `created_at`, `updated_at`) VALUES
	(1, 'Bobs Hanley', 'Owner of Edden Villa', 'Paras stalor ed elit quam, iaculis sed semper sit amet udin vitae nibh.at magna akal semperFusce commodo molestie luctus.Lorem ipsum vitalunDolor tusima olatiup aculis sed semper sit ame', 1, NULL, NULL, 1, '2020-09-22 22:43:43', '2020-09-23 08:53:55'),
	(2, 'Ryan Betthalyn', 'Director at Chobham Manor', 'Paras stalor ed elit quam, iaculis sed semper sit amet udin vitae nibh.at magna akal semperFusce commodo molestie luctus.Lorem ipsum vitalunDolor tusima olatiup aculis sed semper sit ame', 2, NULL, 'Rapier Technology International', 0, '2020-09-22 22:43:44', '2020-09-23 08:53:55'),
	(3, 'helllo', 'asdasdas', 'hasdsadghah asd hbasdagsd sadasgdahsd', 3, 'Rapier Technology International', 'Rapier Technology International', 0, '2020-09-22 22:50:45', '2020-09-23 08:25:07');
/*!40000 ALTER TABLE `testimonial` ENABLE KEYS */;

-- Dumping structure for table glorycms.users
CREATE TABLE IF NOT EXISTS `users` (
  `id` bigint(20) unsigned NOT NULL AUTO_INCREMENT,
  `name` varchar(191) COLLATE utf8mb4_unicode_ci NOT NULL,
  `profil` varchar(191) COLLATE utf8mb4_unicode_ci DEFAULT NULL,
  `email` varchar(191) COLLATE utf8mb4_unicode_ci NOT NULL,
  `email_verified_at` timestamp NULL DEFAULT NULL,
  `password` varchar(191) COLLATE utf8mb4_unicode_ci NOT NULL,
  `no_hp` varchar(20) COLLATE utf8mb4_unicode_ci NOT NULL,
  `jk` enum('L','P') COLLATE utf8mb4_unicode_ci DEFAULT NULL,
  `active` int(1) NOT NULL DEFAULT 0 COMMENT '0: Tidak Aktif 1: Aktif 2: Blokir',
  `last_login_at` datetime DEFAULT NULL,
  `last_login_ip` varchar(191) COLLATE utf8mb4_unicode_ci DEFAULT NULL,
  `remember_token` varchar(100) COLLATE utf8mb4_unicode_ci DEFAULT NULL,
  `deleted_at` timestamp NULL DEFAULT NULL,
  `created_at` timestamp NULL DEFAULT NULL,
  `updated_at` timestamp NULL DEFAULT NULL,
  `created_by` varchar(250) COLLATE utf8mb4_unicode_ci DEFAULT NULL,
  `updated_by` varchar(250) COLLATE utf8mb4_unicode_ci DEFAULT NULL,
  PRIMARY KEY (`id`),
  UNIQUE KEY `users_email_unique` (`email`)
) ENGINE=InnoDB AUTO_INCREMENT=14218 DEFAULT CHARSET=utf8mb4 COLLATE=utf8mb4_unicode_ci;

-- Dumping data for table glorycms.users: ~1 rows (approximately)
/*!40000 ALTER TABLE `users` DISABLE KEYS */;
INSERT INTO `users` (`id`, `name`, `profil`, `email`, `email_verified_at`, `password`, `no_hp`, `jk`, `active`, `last_login_at`, `last_login_ip`, `remember_token`, `deleted_at`, `created_at`, `updated_at`, `created_by`, `updated_by`) VALUES
	(1, 'Rapier Technology International', NULL, 'rapier@gmail.com', NULL, '$2y$10$dqTfjOOJSpSXBE7ZetzIkuSqZTOBItGy3ui7iJUbVruqQhdac.c3O', '0823123123', 'P', 1, '2020-09-23 13:26:24', '::1', NULL, NULL, '2020-04-26 18:31:16', '2020-09-23 13:26:24', NULL, NULL);
/*!40000 ALTER TABLE `users` ENABLE KEYS */;

/*!40101 SET SQL_MODE=IFNULL(@OLD_SQL_MODE, '') */;
/*!40014 SET FOREIGN_KEY_CHECKS=IF(@OLD_FOREIGN_KEY_CHECKS IS NULL, 1, @OLD_FOREIGN_KEY_CHECKS) */;
/*!40101 SET CHARACTER_SET_CLIENT=@OLD_CHARACTER_SET_CLIENT */;
